,Media,Date,Tweet Text,Compound,Positive,Negative,Neutral,Tweets Ago
0,FoxNews,Sun Jan 28 21:29:20 +0000 2018,"Michael O'Hanlon: ""Here we are in Iraq having largely defeated the Islamic State... now we have to help Iraq get st… https://t.co/7KDFggHNai",-0.1027,0.105,0.12,0.775,100
1,FoxNews,Sun Jan 28 21:28:01 +0000 2018,"On @foxandfriends, @AlanDersh responded to a newly-unearthed photo from 2005 showing @BarackObama posing next to ""a… https://t.co/UxkPdv6agy",0.0,0.0,0.0,1.0,99
2,FoxNews,Sun Jan 28 21:24:02 +0000 2018,".@POTUS: ""We must replace our current system of extended family chain migration with a merit-based system.""

WATCH:… https://t.co/nrqP2aKhVD",0.0,0.0,0.0,1.0,98
3,FoxNews,Sun Jan 28 21:21:01 +0000 2018,"""As President of the United States, I will always put America First, just like the leaders of other countries shoul… https://t.co/KKs7KeXCp9",0.6486,0.227,0.0,0.773,97
4,FoxNews,Sun Jan 28 21:17:23 +0000 2018,WATCH: @RepSeanDuffy and @RCamposDuffy Invite @USArmy Vet to #SOTU After @maxinewaters Ignores Request… https://t.co/tttSgUZau8,-0.128,0.102,0.134,0.764,96
5,FoxNews,Sun Jan 28 21:13:57 +0000 2018,"RT @FoxBusiness: .@POTUS: ""The world is witnessing the resurgence of a strong and prosperous America."" #Davos2018 https://t.co/S3KKL8WkZ7",0.7506,0.314,0.0,0.686,95
6,FoxNews,Sun Jan 28 21:13:42 +0000 2018,RT @FoxBusiness: DOJ targeting sanctuary cities where 'politicians release criminal aliens onto the streets' https://t.co/AExzpi0vui https:…,-0.5267,0.0,0.185,0.815,94
7,FoxNews,Sun Jan 28 21:13:38 +0000 2018,RT @FoxBusiness: 2018 global growth to roll to highs not seen in eight years: poll   https://t.co/uqUZTCYVd3,0.3818,0.148,0.0,0.852,93
8,FoxNews,Sun Jan 28 21:13:00 +0000 2018,".@NiallStanage on immigration reform: ""@POTUS will have to call on his deal-making abilities to persuade people in… https://t.co/4pEQKkJA0Q",0.25,0.105,0.0,0.895,92
9,FoxNews,Sun Jan 28 21:06:31 +0000 2018,"On @foxandfriends, @Varneyco slammed those accusing President @realDonaldTrump and those who agree with his immigra… https://t.co/XWkKpxxMdp",0.2023,0.137,0.093,0.769,91
10,FoxNews,Sun Jan 28 21:03:01 +0000 2018,"Hillary Clinton aide stayed on after 2008 sexual harassment complaint, but bad behavior continued, report says https://t.co/wW9LNOKknL",-0.8225,0.0,0.381,0.619,90
11,FoxNews,Sun Jan 28 20:56:00 +0000 2018,".@toddstarnes: If @NancyPelosi brings 'Dreamers' to the State of the Union, @realDonaldTrump should bring ICE agents https://t.co/XRn2sGPsPf",0.0,0.0,0.0,1.0,89
12,FoxNews,Sun Jan 28 20:53:03 +0000 2018,"TONIGHT: A special 2-hour SCANDALOUS - First, Episode 1: 'Up Crooked Creek,' then an all-new Episode 2: 'A Woman Na… https://t.co/NLzpfZhbbt",-0.347,0.113,0.173,0.713,88
13,FoxNews,Sun Jan 28 20:51:20 +0000 2018,OPINION: Why energy infrastructure could be a huge win for @POTUS in his State of the Union address https://t.co/q8NYcsz8E8,0.802,0.353,0.0,0.647,87
14,FoxNews,Sun Jan 28 20:47:12 +0000 2018,".@MaryAnastasiaOG on @POTUS in Davos: ""The message was a US leadership message, which we didn't have in the last ei… https://t.co/ncD1f79vP8",0.0,0.0,0.0,1.0,86
15,FoxNews,Sun Jan 28 20:40:27 +0000 2018,".@DanHenninger on WH immigration proposal: ""Immigration is a Pandora's Box in legislative terms.""… https://t.co/EkvOInsQwK",0.0,0.0,0.0,1.0,85
16,FoxNews,Sun Jan 28 20:35:03 +0000 2018,".@rebeccanagle: ""What I would love to see @SenWarren do is take responsibility for her false claim... She doesn't h… https://t.co/Rvca2yiwYV",0.6369,0.189,0.0,0.811,84
17,FoxNews,Sun Jan 28 20:34:45 +0000 2018,'Serial Stowaway' woman arrested again at Chicago O'Hare airport days after being released from jail https://t.co/mbSw21ctHH,-0.4767,0.0,0.171,0.829,83
18,FoxNews,Sun Jan 28 20:29:28 +0000 2018,"A cabal of Hollywood elites, progressive groups and social activists are planning a “People’s State of the Union” a… https://t.co/axsFu4bpDy",0.0,0.0,0.0,1.0,82
19,FoxNews,Sun Jan 28 20:23:19 +0000 2018,"On @foxandfriends, @LawrenceBJones3 slammed DACA recipients who blocked the entrance to @Disneyland in the middle o… https://t.co/UhUqEskgLu",-0.2732,0.0,0.116,0.884,81
20,FoxNews,Sun Jan 28 21:29:20 +0000 2018,"Michael O'Hanlon: ""Here we are in Iraq having largely defeated the Islamic State... now we have to help Iraq get st… https://t.co/7KDFggHNai",-0.1027,0.105,0.12,0.775,80
21,FoxNews,Sun Jan 28 21:28:01 +0000 2018,"On @foxandfriends, @AlanDersh responded to a newly-unearthed photo from 2005 showing @BarackObama posing next to ""a… https://t.co/UxkPdv6agy",0.0,0.0,0.0,1.0,79
22,FoxNews,Sun Jan 28 21:24:02 +0000 2018,".@POTUS: ""We must replace our current system of extended family chain migration with a merit-based system.""

WATCH:… https://t.co/nrqP2aKhVD",0.0,0.0,0.0,1.0,78
23,FoxNews,Sun Jan 28 21:21:01 +0000 2018,"""As President of the United States, I will always put America First, just like the leaders of other countries shoul… https://t.co/KKs7KeXCp9",0.6486,0.227,0.0,0.773,77
24,FoxNews,Sun Jan 28 21:17:23 +0000 2018,WATCH: @RepSeanDuffy and @RCamposDuffy Invite @USArmy Vet to #SOTU After @maxinewaters Ignores Request… https://t.co/tttSgUZau8,-0.128,0.102,0.134,0.764,76
25,FoxNews,Sun Jan 28 21:13:57 +0000 2018,"RT @FoxBusiness: .@POTUS: ""The world is witnessing the resurgence of a strong and prosperous America."" #Davos2018 https://t.co/S3KKL8WkZ7",0.7506,0.314,0.0,0.686,75
26,FoxNews,Sun Jan 28 21:13:42 +0000 2018,RT @FoxBusiness: DOJ targeting sanctuary cities where 'politicians release criminal aliens onto the streets' https://t.co/AExzpi0vui https:…,-0.5267,0.0,0.185,0.815,74
27,FoxNews,Sun Jan 28 21:13:38 +0000 2018,RT @FoxBusiness: 2018 global growth to roll to highs not seen in eight years: poll   https://t.co/uqUZTCYVd3,0.3818,0.148,0.0,0.852,73
28,FoxNews,Sun Jan 28 21:13:00 +0000 2018,".@NiallStanage on immigration reform: ""@POTUS will have to call on his deal-making abilities to persuade people in… https://t.co/4pEQKkJA0Q",0.25,0.105,0.0,0.895,72
29,FoxNews,Sun Jan 28 21:06:31 +0000 2018,"On @foxandfriends, @Varneyco slammed those accusing President @realDonaldTrump and those who agree with his immigra… https://t.co/XWkKpxxMdp",0.2023,0.137,0.093,0.769,71
30,FoxNews,Sun Jan 28 21:03:01 +0000 2018,"Hillary Clinton aide stayed on after 2008 sexual harassment complaint, but bad behavior continued, report says https://t.co/wW9LNOKknL",-0.8225,0.0,0.381,0.619,70
31,FoxNews,Sun Jan 28 20:56:00 +0000 2018,".@toddstarnes: If @NancyPelosi brings 'Dreamers' to the State of the Union, @realDonaldTrump should bring ICE agents https://t.co/XRn2sGPsPf",0.0,0.0,0.0,1.0,69
32,FoxNews,Sun Jan 28 20:53:03 +0000 2018,"TONIGHT: A special 2-hour SCANDALOUS - First, Episode 1: 'Up Crooked Creek,' then an all-new Episode 2: 'A Woman Na… https://t.co/NLzpfZhbbt",-0.347,0.113,0.173,0.713,68
33,FoxNews,Sun Jan 28 20:51:20 +0000 2018,OPINION: Why energy infrastructure could be a huge win for @POTUS in his State of the Union address https://t.co/q8NYcsz8E8,0.802,0.353,0.0,0.647,67
34,FoxNews,Sun Jan 28 20:47:12 +0000 2018,".@MaryAnastasiaOG on @POTUS in Davos: ""The message was a US leadership message, which we didn't have in the last ei… https://t.co/ncD1f79vP8",0.0,0.0,0.0,1.0,66
35,FoxNews,Sun Jan 28 20:40:27 +0000 2018,".@DanHenninger on WH immigration proposal: ""Immigration is a Pandora's Box in legislative terms.""… https://t.co/EkvOInsQwK",0.0,0.0,0.0,1.0,65
36,FoxNews,Sun Jan 28 20:35:03 +0000 2018,".@rebeccanagle: ""What I would love to see @SenWarren do is take responsibility for her false claim... She doesn't h… https://t.co/Rvca2yiwYV",0.6369,0.189,0.0,0.811,64
37,FoxNews,Sun Jan 28 20:34:45 +0000 2018,'Serial Stowaway' woman arrested again at Chicago O'Hare airport days after being released from jail https://t.co/mbSw21ctHH,-0.4767,0.0,0.171,0.829,63
38,FoxNews,Sun Jan 28 20:29:28 +0000 2018,"A cabal of Hollywood elites, progressive groups and social activists are planning a “People’s State of the Union” a… https://t.co/axsFu4bpDy",0.0,0.0,0.0,1.0,62
39,FoxNews,Sun Jan 28 20:23:19 +0000 2018,"On @foxandfriends, @LawrenceBJones3 slammed DACA recipients who blocked the entrance to @Disneyland in the middle o… https://t.co/UhUqEskgLu",-0.2732,0.0,0.116,0.884,61
40,FoxNews,Sun Jan 28 20:20:40 +0000 2018,CA Teacher Caught on Tape: US Military Members 'The Lowest of the Low' https://t.co/wVmrQdzk6R,-0.5719,0.0,0.281,0.719,60
41,FoxNews,Sun Jan 28 20:14:52 +0000 2018,".@TGowdySC on @POTUS meeting with Robert Mueller: ""If there's no collusion and if there's no obstruction of justice… https://t.co/bPRaHozL2s",-0.5267,0.0,0.206,0.794,59
42,FoxNews,Sun Jan 28 20:05:40 +0000 2018,".@TGowdySC on FBI text messages: ""Republicans are better served by letting the texts speak for themselves.""… https://t.co/zlJHQiyCyE",0.4404,0.153,0.0,0.847,58
43,FoxNews,Sun Jan 28 20:05:04 +0000 2018,".@cathymcmorris: ""I was at @Starbucks this last week in Spokane... and they were so excited in the increased benefi… https://t.co/wUwqr9l50N",0.6389,0.225,0.0,0.775,57
44,FoxNews,Sun Jan 28 19:55:35 +0000 2018,".@KarlRove on immigration reform: ""This is not $25 billion for a wall. This is $25 billion for a wall, additional a… https://t.co/AXHmP4XAyT",0.0,0.0,0.0,1.0,56
45,FoxNews,Sun Jan 28 19:53:04 +0000 2018,"JUST IN: Detroit officer shot in the head last week dies
https://t.co/quDyebt5rc",0.0,0.0,0.0,1.0,55
46,FoxNews,Sun Jan 28 19:50:13 +0000 2018,".@jasoninthehouse on immigration reform: ""There is no way that you can give the pathway to citizenship to Dreamers… https://t.co/GZeuLmRGyq",-0.296,0.0,0.109,0.891,54
47,FoxNews,Sun Jan 28 19:48:39 +0000 2018,"Pennsylvania car wash shooting leaves 5 dead, police say https://t.co/3EaT6jefsO",-0.6486,0.0,0.35,0.65,53
48,FoxNews,Sun Jan 28 19:43:09 +0000 2018,".@Marcshort45 on Russia investigation: ""The White House continues to cooperate in every manner providing any docume… https://t.co/Zmk2Zj8CSu",0.0,0.0,0.0,1.0,52
49,FoxNews,Sun Jan 28 19:42:52 +0000 2018,California teacher caught slamming the military. https://t.co/zPnld3wjBd https://t.co/zcBuaRPpaN,0.0,0.0,0.0,1.0,51
50,FoxNews,Sun Jan 28 19:34:49 +0000 2018,".@Marcshort45 on DACA: ""We started by saying we want to protect the 690,000 people who have permits under DACA... w… https://t.co/mgPLtV3Qth",0.4404,0.17,0.0,0.83,50
51,FoxNews,Sun Jan 28 19:30:43 +0000 2018,Cherokee Woman @rebeccanagle Blasts @SenWarren: 'We've Asked Her to Stop' Claiming Our Ancestry… https://t.co/UOnAVvPbDM,-0.296,0.0,0.145,0.855,49
52,FoxNews,Sun Jan 28 19:24:04 +0000 2018,A look at @POTUS' immigration proposal. #FoxNewsSunday https://t.co/PGjhgwIvS6 https://t.co/1e823WJcqt,0.0,0.0,0.0,1.0,48
53,FoxNews,Sun Jan 28 19:21:59 +0000 2018,".@Marcshort45 on #SOTU: ""We have these dramatic threats on the global scene, yet where we are in Congress is we sti… https://t.co/fxNxEWqi9I",-0.4215,0.0,0.118,0.882,47
54,FoxNews,Sun Jan 28 19:17:24 +0000 2018,.@JudgeJeanine: “Citizenship is a privilege. We don’t grant it to people because they think they deserve it.”… https://t.co/5JSCwar6PB,0.6124,0.25,0.0,0.75,46
55,FoxNews,Sun Jan 28 19:09:22 +0000 2018,'Serial Stowaway' woman arrested again at Chicago O'Hare airport days after being released from jail (via… https://t.co/qNxUWo4itG,-0.4767,0.0,0.162,0.838,45
56,FoxNews,Sun Jan 28 18:49:57 +0000 2018,"On @foxandfriends, @DiamondandSilk ripped rapper JAY-Z for calling President @realDonaldTrump a ""superbug."" https://t.co/Xg1AZmcgBc",0.0,0.0,0.0,1.0,44
57,FoxNews,Sun Jan 28 18:47:40 +0000 2018,"Ricky Taylor, Army veteran going to the SOTU: ""I think to boycott [the State of the Union], to me, it's just sacril… https://t.co/y6n0CGWhP0",-0.3182,0.0,0.095,0.905,43
58,FoxNews,Sun Jan 28 18:45:03 +0000 2018,"President @realDonaldTrump responded this morning to recent criticism from rap mogul Jay-Z, who called him a ""super… https://t.co/s8dzgcyk5U",-0.4404,0.0,0.153,0.847,42
59,FoxNews,Sun Jan 28 18:44:09 +0000 2018,Grassley calls out @FBI lovers'  use of 'private' devices during Clinton email probe https://t.co/qRmLHW5sUH,0.5267,0.207,0.0,0.793,41
60,FoxNews,Sun Jan 28 18:38:02 +0000 2018,"In a recent interview on @CNN, JAY-Z had stinging words for President @realDonaldTrump. https://t.co/fTV2ayFUFk https://t.co/skxD7HJQkH",0.0,0.0,0.0,1.0,40
61,FoxNews,Sun Jan 28 18:34:55 +0000 2018,"Justice Ginsburg to skip State of the Union, signals she has no plans to retire https://t.co/MzmrqYWTFY",0.296,0.173,0.112,0.714,39
62,FoxNews,Sun Jan 28 18:23:17 +0000 2018,Anti-Trump celebs plan 'People's State of the Union'     https://t.co/eqR7DEJ2iC,0.0,0.0,0.0,1.0,38
63,FoxNews,Sun Jan 28 18:15:48 +0000 2018,".@USArmy Veteran Ricky Taylor: ""I really think [@maxinewaters] is more concerned with her personal vendetta against… https://t.co/jEuMfXH88U",0.0,0.0,0.0,1.0,37
64,FoxNews,Sun Jan 28 18:12:50 +0000 2018,Steve Wynn contributions to Democrats. https://t.co/rzOtddsHUF,0.0,0.0,0.0,1.0,36
65,FoxNews,Sun Jan 28 18:08:50 +0000 2018,".@ScottBaio denies sexual assault allegations by 'Charles in Charge' co-star @NicoleEggert 
https://t.co/hO2EcpJi70",-0.765,0.0,0.398,0.602,35
66,FoxNews,Sun Jan 28 18:07:26 +0000 2018,".@SebGorka: ""We've already seen from people like Peter Strzok and his paramour, these are people who wanted… https://t.co/BKgqnslN5n",0.3612,0.128,0.0,0.872,34
67,FoxNews,Sun Jan 28 18:01:05 +0000 2018,"Tune in for live coverage of President Trump's first State of the Union address, anchored by @BretBaier &amp;… https://t.co/2QvC2ZGkDv",0.0,0.0,0.0,1.0,33
68,FoxNews,Sun Jan 28 18:00:18 +0000 2018,"On ""Justice,"" @JudgeJeanine called the illegal immigration fight the ""biggest snow job in political history.""… https://t.co/W4Dcg2s35P",-0.7351,0.0,0.307,0.693,32
69,FoxNews,Sun Jan 28 17:58:14 +0000 2018,"Gowdy: FBI's Strzok, Page should testify to answer allegations, questions about 'secret society' https://t.co/NsGl5qqnX3",0.0,0.0,0.0,1.0,31
70,FoxNews,Sun Jan 28 17:50:50 +0000 2018,".@Varneyco: ""When I hear people label our country as 'racist,' I actually take it personally. In my family there ar… https://t.co/nBIMY172Mq",0.0,0.0,0.0,1.0,30
71,FoxNews,Sun Jan 28 17:44:58 +0000 2018,".@Varneyco: ""Anybody who pays tax, federal income tax, their paychecks go up next week."" https://t.co/09etr2Oshe",0.0,0.0,0.0,1.0,29
72,FoxNews,Sun Jan 28 17:42:15 +0000 2018,"North Carolina boy's body found by FBI in pond, death believed to be 'accidental' https://t.co/GYYJPHdwE1",-0.5994,0.0,0.218,0.782,28
73,FoxNews,Sun Jan 28 17:39:59 +0000 2018,United removed woman from flight to see her dying mother: nobody flies for free https://t.co/8PNXViQmzN,0.7269,0.319,0.0,0.681,27
74,FoxNews,Sun Jan 28 17:27:00 +0000 2018,OPINION: Here's how Trump's State of the Union address can save the GOP majorities in Congress https://t.co/2tNIPwDY8y,0.4939,0.167,0.0,0.833,26
75,FoxNews,Sun Jan 28 17:23:04 +0000 2018,Justice Ginsburg to skip State of the Union https://t.co/n9tFWLKjyO https://t.co/kADIJjnE7P,0.5267,0.274,0.0,0.726,25
76,FoxNews,Sun Jan 28 17:10:14 +0000 2018,Drone footage captured the aftermath of a winter storm that brought snow to the Tabuk region of Saudi Arabia. https://t.co/4y8PbQhJmL,0.0,0.0,0.0,1.0,24
77,FoxNews,Sun Jan 28 17:05:37 +0000 2018,".@POTUS ""not aware"" of invite to Royal Wedding. https://t.co/V9lQXP36d5",-0.1139,0.0,0.153,0.847,23
78,FoxNews,Sun Jan 28 17:01:32 +0000 2018,"Homeless victim's sketch helps cops catch suspected attacker, police say (via @travfed)  https://t.co/BqYfYqBmor",-0.4588,0.143,0.308,0.549,22
79,FoxNews,Sun Jan 28 16:57:11 +0000 2018,".@CarleyShimkus: ""Nobody forced @Janefonda to take that picture. I think that moment is always going to be fair gam… https://t.co/yy61gzLedQ",-0.1779,0.103,0.135,0.762,21
80,FoxNews,Sun Jan 28 16:53:01 +0000 2018,"TONIGHT: A special 2-hour SCANDALOUS - First, Episode 1: 'Up Crooked Creek,' then an all-new Episode 2: 'A Woman Na… https://t.co/ECMs3GD3T0",-0.347,0.113,0.173,0.713,20
81,FoxNews,Sun Jan 28 16:50:38 +0000 2018,".@AreuCathy: ""@POTUS continually calls @CNN 'fake news'... He repeatedly mocks CNN and says these horrible things a… https://t.co/qaET2e1kYM",-0.8625,0.0,0.39,0.61,19
82,FoxNews,Sun Jan 28 16:50:26 +0000 2018,Doomsday Clock reaches 2 minutes to midnight - closest point to nuclear annihilation since Cold War https://t.co/wwU8zEd4jG,-0.8176,0.057,0.368,0.574,18
83,FoxNews,Sun Jan 28 16:42:48 +0000 2018,"Homeless victim's sketch helps cops catch suspected attacker, police say https://t.co/BqYfYqBmor",-0.4588,0.16,0.346,0.494,17
84,FoxNews,Sun Jan 28 16:27:17 +0000 2018,".@AreuCathy: ""@POTUS continually calls @CNN 'fake news'... He repeatedly mocks CNN and says these horrible things a… https://t.co/hgdDW8KQn4",-0.8625,0.0,0.39,0.61,16
85,FoxNews,Sun Jan 28 16:17:30 +0000 2018,"Pakistan's 'Killer Mountain' claims life of Polish climber, French mountaineer rescued from slopes https://t.co/e8vpmvu71p",-0.3612,0.147,0.225,0.628,15
86,FoxNews,Sun Jan 28 16:06:20 +0000 2018,".@MZHemingway: ""Again, [@POTUS] didn't fire someone who he's legally allowed to fire, and this is being treated as… https://t.co/4Kjf1JRPb4",0.538,0.255,0.0,0.745,14
87,FoxNews,Sun Jan 28 16:03:01 +0000 2018,"Tune in for live coverage of President Trump's first State of the Union address, anchored by @BretBaier &amp;… https://t.co/tXUV6d5niK",0.0,0.0,0.0,1.0,13
88,FoxNews,Sun Jan 28 16:01:38 +0000 2018,".@DiamondandSilk: ""Liberals - they're trying to use their influence and their power to... sway people to continue t… https://t.co/e8VhZT8gG2",0.0,0.0,0.0,1.0,12
89,FoxNews,Sun Jan 28 15:54:05 +0000 2018,".@cathymcmorris: ""I was at @Starbucks this last week in Spokane... and they were so excited in the increased benefi… https://t.co/ec6LzvHcaw",0.6389,0.225,0.0,0.775,11
90,FoxNews,Sun Jan 28 15:52:11 +0000 2018,"President @realDonaldTrump responded this morning to recent criticism from rap mogul Jay-Z, who called him a ""super… https://t.co/BiVkRRdawv",-0.4404,0.0,0.153,0.847,10
91,FoxNews,Sun Jan 28 15:47:10 +0000 2018,".@GovMikeHuckabee: ""If this were about DACA, Chuck Schumer would've cried but he would've cried tears of delight an… https://t.co/fCu48ES2RD",-0.0516,0.192,0.271,0.538,9
92,FoxNews,Sun Jan 28 15:40:27 +0000 2018,".@cathymcmorris: ""We're going to run on our record [in 2018] - a record of results."" #SundayFutures @MariaBartiromo https://t.co/uDbt2VFjov",0.0,0.0,0.0,1.0,8
93,FoxNews,Sun Jan 28 15:38:55 +0000 2018,".@cathymcmorris: ""We need a DACA deal and we need @TheDemocrats to join us."" #SundayFutures @MariaBartiromo https://t.co/D184N3fyly",0.296,0.136,0.0,0.864,7
94,FoxNews,Sun Jan 28 15:38:24 +0000 2018,".@cathymcmorris: ""We do have to be aware of the continued accumulation of debt in this country."" #SundayFutures… https://t.co/GuQCtYafIm",-0.3612,0.0,0.128,0.872,6
95,FoxNews,Sun Jan 28 15:37:01 +0000 2018,".@cathymcmorris: ""Most Americans want to see us move forward with an infrastructure package."" #SundayFutures… https://t.co/AP16iUfJuj",0.1477,0.101,0.0,0.899,5
96,FoxNews,Sun Jan 28 15:36:09 +0000 2018,".@cathymcmorris: ""I was at @Starbucks this last week in Spokane... and they were so excited in the increased benefi… https://t.co/v01BHglc6G",0.6389,0.225,0.0,0.775,4
97,FoxNews,Sun Jan 28 15:28:00 +0000 2018,"Justice Ginsburg to skip State of the Union, signals she has no plans to retire https://t.co/MzmrqYWTFY",0.296,0.173,0.112,0.714,3
98,FoxNews,Sun Jan 28 15:20:19 +0000 2018,".@GovMikeHuckabee: ""We're seeing an unprecedented growth in the economy... and that's in advance of the tax bill go… https://t.co/K5agcamuc4",0.3818,0.126,0.0,0.874,2
99,FoxNews,Sun Jan 28 15:18:44 +0000 2018,".@GovMikeHuckabee: ""@TheDemocrats theme for this election is going to be: 'Who are you going to believe - Democrats… https://t.co/5L4EJpnICh",0.0,0.0,0.0,1.0,1
100,CBS,Sun Jan 28 21:14:24 +0000 2018,Things are heating up at The #GRAMMYs! How about a little sip of Ice-T? @FINALLEVEL and @cocosworld hit up the red… https://t.co/P2pPodrhtS,0.0,0.0,0.0,1.0,100
101,CBS,Sun Jan 28 20:54:17 +0000 2018,"You don't want to miss these all-star performances feat. @BrunoMars with @IamCardiB, @EltonOfficial with… https://t.co/VPz5G7Yzm7",0.0572,0.092,0.078,0.83,99
102,CBS,Sun Jan 28 20:45:20 +0000 2018,"If you ask @LisaLoeb, being nominated for a #GRAMMY gives you a little extra something special. https://t.co/uOWVynjCPu",0.3477,0.148,0.0,0.852,98
103,CBS,Sun Jan 28 20:35:39 +0000 2018,"Being nominated for a GRAMMY, doesn’t change much for @DannyGokey! #GRAMMYs https://t.co/JNy0Q6sTpZ",0.0,0.0,0.0,1.0,97
104,CBS,Sun Jan 28 20:32:44 +0000 2018,We’re going to party like it’s @marvinsapp’s birthday at The #GRAMMYs! https://t.co/QhWz0hoe7u,0.6696,0.355,0.0,0.645,96
105,CBS,Sun Jan 28 18:57:11 +0000 2018,"Cheers! The countdown is on to The 60th Annual #GRAMMYs, airing tonight on CBS. Get ready to celebrate with a signa… https://t.co/3yZ7mvBVNC",0.8622,0.348,0.0,0.652,95
106,CBS,Sun Jan 28 16:00:08 +0000 2018,GRAMMY nominee @LuisFonsi describes how his chart-topping hit with @JustinBieber and @Daddy_Yankee was meant to be!… https://t.co/GQ6GxXMPPE,0.0,0.0,0.0,1.0,94
107,CBS,Sun Jan 28 14:30:04 +0000 2018,GRAMMY-nominated rapper @Logic301 is excited to perform live during Music's Biggest Night®! Watch The 60th Annual… https://t.co/EwbLezXIro,0.4003,0.144,0.0,0.856,93
108,CBS,Sun Jan 28 13:00:06 +0000 2018,"To enjoy past iconic GRAMMY R&amp;B performances from artists like @johnlegend, start your free trial and watch only on… https://t.co/jSTrKlzqOZ",0.8402,0.346,0.0,0.654,92
109,CBS,Sun Jan 28 12:00:07 +0000 2018,"Country music star @MarenMorris is performing at the #GRAMMYs tonight! Tune in at 7:30pm ET / 4:30pm PT on CBS, or… https://t.co/97AStLeGRF",0.0,0.0,0.0,1.0,91
110,CBS,Sun Jan 28 02:37:51 +0000 2018,"Go backstage at the #GRAMMYs rehearsals with performers @OfficialSting, @EltonOfficial, Logic and more! Don't miss… https://t.co/NYMJXOYsQE",0.0,0.0,0.0,1.0,90
111,CBS,Sat Jan 27 23:30:02 +0000 2018,#CBS and the @HolocaustMuseum honor the victims of the Nazi Holocaust on International Holocaust Remembrance Day.… https://t.co/Xm6c4Jgiyy,0.2263,0.156,0.112,0.732,89
112,CBS,Sat Jan 27 22:48:16 +0000 2018,"Tomorrow, @LuisFonsi and @Daddy_Yankee will take the stage to perform their GRAMMY-nominated hit, 'Despacito'! Don'… https://t.co/5FTE9syKuk",0.0,0.0,0.0,1.0,88
113,CBS,Sat Jan 27 22:00:05 +0000 2018,"#ThatsHarassment: 6 timely short films starring @CynthiaNixon, @michaeljkellyjr, @gracegummer, @JosephSikora4,… https://t.co/6CVoUPIRRH",0.0,0.0,0.0,1.0,87
114,CBS,Sat Jan 27 20:53:53 +0000 2018,"Host James Corden can't wait to see performances by @LadyGaga, @U2, @KendrickLamar, @SamSmithWorld and more top art… https://t.co/h9oSkOMZrU",0.2716,0.11,0.0,0.89,86
115,CBS,Sat Jan 27 15:00:04 +0000 2018,Acceptance is about understanding who you are. Don't miss @RitaOra talk live about the inspiration behind her lates… https://t.co/qJhQ8LO5fe,0.781,0.329,0.0,0.671,85
116,CBS,Sat Jan 27 14:00:03 +0000 2018,Can you guess which artists have won all of these #GRAMMYs? Find out who will win big this year at The 60th Annual… https://t.co/EGQ3ORlrua,0.8176,0.254,0.0,0.746,84
117,CBS,Sat Jan 27 13:00:06 +0000 2018,Love @carrieunderwood and @KeithUrban? Watch their memorable collaboration plus other past iconic GRAMMY country pe… https://t.co/rjwwdxmGwX,0.6369,0.219,0.0,0.781,83
118,CBS,Sat Jan 27 12:00:02 +0000 2018,"Tomorrow, celebrate sixty years of #GRAMMYs with music's biggest stars! Stream The 60th Annual GRAMMY Awards® live… https://t.co/1eWYEsP3N8",0.6114,0.19,0.0,0.81,82
119,CBS,Sat Jan 27 00:37:07 +0000 2018,Don't miss Bruno Mars: 24K Magic Live at the Apollo tonight at 8/7c on CBS and CBS All Access! #BrunoMars https://t.co/KeszQoPZTG,0.1867,0.08,0.0,0.92,81
120,CBS,Sun Jan 28 21:14:24 +0000 2018,Things are heating up at The #GRAMMYs! How about a little sip of Ice-T? @FINALLEVEL and @cocosworld hit up the red… https://t.co/P2pPodrhtS,0.0,0.0,0.0,1.0,80
121,CBS,Sun Jan 28 20:54:17 +0000 2018,"You don't want to miss these all-star performances feat. @BrunoMars with @IamCardiB, @EltonOfficial with… https://t.co/VPz5G7Yzm7",0.0572,0.092,0.078,0.83,79
122,CBS,Sun Jan 28 20:45:20 +0000 2018,"If you ask @LisaLoeb, being nominated for a #GRAMMY gives you a little extra something special. https://t.co/uOWVynjCPu",0.3477,0.148,0.0,0.852,78
123,CBS,Sun Jan 28 20:35:39 +0000 2018,"Being nominated for a GRAMMY, doesn’t change much for @DannyGokey! #GRAMMYs https://t.co/JNy0Q6sTpZ",0.0,0.0,0.0,1.0,77
124,CBS,Sun Jan 28 20:32:44 +0000 2018,We’re going to party like it’s @marvinsapp’s birthday at The #GRAMMYs! https://t.co/QhWz0hoe7u,0.6696,0.355,0.0,0.645,76
125,CBS,Sun Jan 28 18:57:11 +0000 2018,"Cheers! The countdown is on to The 60th Annual #GRAMMYs, airing tonight on CBS. Get ready to celebrate with a signa… https://t.co/3yZ7mvBVNC",0.8622,0.348,0.0,0.652,75
126,CBS,Sun Jan 28 16:00:08 +0000 2018,GRAMMY nominee @LuisFonsi describes how his chart-topping hit with @JustinBieber and @Daddy_Yankee was meant to be!… https://t.co/GQ6GxXMPPE,0.0,0.0,0.0,1.0,74
127,CBS,Sun Jan 28 14:30:04 +0000 2018,GRAMMY-nominated rapper @Logic301 is excited to perform live during Music's Biggest Night®! Watch The 60th Annual… https://t.co/EwbLezXIro,0.4003,0.144,0.0,0.856,73
128,CBS,Sun Jan 28 13:00:06 +0000 2018,"To enjoy past iconic GRAMMY R&amp;B performances from artists like @johnlegend, start your free trial and watch only on… https://t.co/jSTrKlzqOZ",0.8402,0.346,0.0,0.654,72
129,CBS,Sun Jan 28 12:00:07 +0000 2018,"Country music star @MarenMorris is performing at the #GRAMMYs tonight! Tune in at 7:30pm ET / 4:30pm PT on CBS, or… https://t.co/97AStLeGRF",0.0,0.0,0.0,1.0,71
130,CBS,Sun Jan 28 02:37:51 +0000 2018,"Go backstage at the #GRAMMYs rehearsals with performers @OfficialSting, @EltonOfficial, Logic and more! Don't miss… https://t.co/NYMJXOYsQE",0.0,0.0,0.0,1.0,70
131,CBS,Sat Jan 27 23:30:02 +0000 2018,#CBS and the @HolocaustMuseum honor the victims of the Nazi Holocaust on International Holocaust Remembrance Day.… https://t.co/Xm6c4Jgiyy,0.2263,0.156,0.112,0.732,69
132,CBS,Sat Jan 27 22:48:16 +0000 2018,"Tomorrow, @LuisFonsi and @Daddy_Yankee will take the stage to perform their GRAMMY-nominated hit, 'Despacito'! Don'… https://t.co/5FTE9syKuk",0.0,0.0,0.0,1.0,68
133,CBS,Sat Jan 27 22:00:05 +0000 2018,"#ThatsHarassment: 6 timely short films starring @CynthiaNixon, @michaeljkellyjr, @gracegummer, @JosephSikora4,… https://t.co/6CVoUPIRRH",0.0,0.0,0.0,1.0,67
134,CBS,Sat Jan 27 20:53:53 +0000 2018,"Host James Corden can't wait to see performances by @LadyGaga, @U2, @KendrickLamar, @SamSmithWorld and more top art… https://t.co/h9oSkOMZrU",0.2716,0.11,0.0,0.89,66
135,CBS,Sat Jan 27 15:00:04 +0000 2018,Acceptance is about understanding who you are. Don't miss @RitaOra talk live about the inspiration behind her lates… https://t.co/qJhQ8LO5fe,0.781,0.329,0.0,0.671,65
136,CBS,Sat Jan 27 14:00:03 +0000 2018,Can you guess which artists have won all of these #GRAMMYs? Find out who will win big this year at The 60th Annual… https://t.co/EGQ3ORlrua,0.8176,0.254,0.0,0.746,64
137,CBS,Sat Jan 27 13:00:06 +0000 2018,Love @carrieunderwood and @KeithUrban? Watch their memorable collaboration plus other past iconic GRAMMY country pe… https://t.co/rjwwdxmGwX,0.6369,0.219,0.0,0.781,63
138,CBS,Sat Jan 27 12:00:02 +0000 2018,"Tomorrow, celebrate sixty years of #GRAMMYs with music's biggest stars! Stream The 60th Annual GRAMMY Awards® live… https://t.co/1eWYEsP3N8",0.6114,0.19,0.0,0.81,62
139,CBS,Sat Jan 27 00:37:07 +0000 2018,Don't miss Bruno Mars: 24K Magic Live at the Apollo tonight at 8/7c on CBS and CBS All Access! #BrunoMars https://t.co/KeszQoPZTG,0.1867,0.08,0.0,0.92,61
140,CBS,Fri Jan 26 23:46:07 +0000 2018,Remember all of @JKCorden's hilarious #GRAMMYs moments from last year? Refresh your memory before the @latelateshow… https://t.co/WCMvua6T3C,0.4019,0.144,0.0,0.856,60
141,CBS,Fri Jan 26 23:00:06 +0000 2018,"To enjoy past iconic GRAMMY rap performances from artists like @OfficialRunDMC and @kendricklamar, start your free… https://t.co/G9tfvNOjcG",0.6908,0.275,0.0,0.725,59
142,CBS,Fri Jan 26 20:24:12 +0000 2018,It's time to roll out the red carpet: The #GRAMMYs are just a few days away! Go backstage at the rehearsals before… https://t.co/28HEJrk30O,0.0,0.0,0.0,1.0,58
143,CBS,Fri Jan 26 18:49:05 +0000 2018,"RT @BlueBloods_CBS: Do you know what to do if you face sexual harassment? CBS is proud to partner with @AdCouncil, Actor and Producer @Davi…",-0.1027,0.108,0.122,0.769,57
144,CBS,Fri Jan 26 18:48:51 +0000 2018,"RT @NCISLA: Do you know what to do if you face sexual harassment? CBS is proud to partner with @AdCouncil, Actor and Producer @DavidSchwimm…",-0.1027,0.108,0.122,0.769,56
145,CBS,Fri Jan 26 18:48:43 +0000 2018,"RT @CrimMinds_CBS: Do you know what to do if you face sexual harassment? CBS is proud to partner with @AdCouncil, Actor and Producer @David…",-0.1027,0.108,0.122,0.769,55
146,CBS,Fri Jan 26 18:44:03 +0000 2018,"#CBS is proud to partner with @AdCouncil, Actor/Producer @DavidSchwimmer, Writer/Director Sigal Avin and @rainn to… https://t.co/7OM7zJEDwQ",0.4767,0.171,0.0,0.829,54
147,CBS,Fri Jan 26 14:30:02 +0000 2018,"In two days, music superstars @EltonOfficial, @LadyGaga, @U2 and more will take the stage at The 60th Annual… https://t.co/EMw2fbEMo4",0.0,0.0,0.0,1.0,53
148,CBS,Fri Jan 26 12:00:06 +0000 2018,Don't miss a second of Music's Biggest Night®! Here's how to watch The 60th Annual #GRAMMYs this Sunday at 7:30pm E… https://t.co/3pCKbzbSn1,0.1867,0.08,0.0,0.92,52
149,CBS,Fri Jan 26 06:17:06 +0000 2018,These pro NFL players blew everyone away with their impressive off-the-field skills! Catch up on MVP: Most Valuable… https://t.co/aep4DGEgKe,0.5562,0.166,0.0,0.834,51
150,CBS,Fri Jan 26 01:51:22 +0000 2018,Which pro football player will take home the title of Most Valuable Performer? You decide! Cast your vote here:… https://t.co/dou5WRizMk,0.5697,0.162,0.0,0.838,50
151,CBS,Fri Jan 26 01:48:27 +0000 2018,RT @playmyrockets: I take my hat off for the bravery to players to showcase another side of ART! #MVPCBS ????,0.5411,0.162,0.0,0.838,49
152,CBS,Fri Jan 26 01:37:10 +0000 2018,RT @MissIzzieBella: Adorable that @DomataPeko plays the guitar with his wife at his side. And who doesn’t like Bob Marley!? #MVPCBS,0.7901,0.307,0.0,0.693,48
153,CBS,Fri Jan 26 01:14:43 +0000 2018,RT @SGIII: Awesome show thus far #MVPCBS,0.6249,0.406,0.0,0.594,47
154,CBS,Fri Jan 26 01:10:39 +0000 2018,RT @Ravens: Who’s tuned in on @CBS? #MVPCBS https://t.co/9YmfawIIMH,0.0,0.0,0.0,1.0,46
155,CBS,Fri Jan 26 01:06:27 +0000 2018,"RT @Bibliophile23: Watching #MVPCBS to vote for @Jonathanstewar1 for the win!
#KeepPounding #PantherNation",0.6239,0.254,0.0,0.746,45
156,CBS,Fri Jan 26 01:05:35 +0000 2018,RT @LoveGators4ever: Watching my Ravens on #MVPCBS We all know who my vote is for... Alex Collins ?????? #RavensFlock #RavensNation,0.0,0.0,0.0,1.0,44
157,CBS,Fri Jan 26 00:59:14 +0000 2018,Get ready to watch @Broncos player @DomataPeko show off his guitar skills along with the 5 other finalists on MVP:… https://t.co/QjLlKrel8U,0.3612,0.116,0.0,0.884,43
158,CBS,Fri Jan 26 00:30:03 +0000 2018,"Tonight, these star NFL players are showcasing their off-the-field talents on MVP: Most Valuable Performer! Tune in… https://t.co/oFHAmaOexU",0.7707,0.295,0.0,0.705,42
159,CBS,Thu Jan 25 23:58:56 +0000 2018,Need more @ladygaga and @eltonofficial in your life? Watch their unforgettable moment on the #GRAMMYs stage and oth… https://t.co/TkpovCXJqr,0.0,0.0,0.0,1.0,41
160,CBS,Thu Jan 25 23:01:32 +0000 2018,"In three days, ride shotgun with @latelateshow star James Corden when he returns to host The 60th Annual #GRAMMYs®… https://t.co/7hqECfNg32",0.0,0.0,0.0,1.0,40
161,CBS,Thu Jan 25 22:00:06 +0000 2018,"Tonight, @NCISLA star @LLCoolJ hosts MVP: Most Valuable Performer, a new interactive talent show featuring pro foot… https://t.co/opheORITLq",0.7346,0.292,0.0,0.708,39
162,CBS,Thu Jan 25 21:03:28 +0000 2018,Murphy Brown (and Candice Bergen) are set to return to #CBS for the 2018-2019 broadcast season! Brace yourself for… https://t.co/KMeIMvJyCg,0.0,0.0,0.0,1.0,38
163,CBS,Thu Jan 25 19:14:40 +0000 2018,"Tonight, don't miss MVP: Most Valuable Performer, a unique talent show hosted by @LLCoolJ featuring pro football st… https://t.co/Bx9JFOUD7r",0.7675,0.337,0.0,0.663,37
164,CBS,Thu Jan 25 17:20:00 +0000 2018,Watch music's biggest names arrive in style live on Facebook with 'GRAMMYs Live from the Red Carpet' this Sunday at… https://t.co/OrVspJnI9x,0.0,0.0,0.0,1.0,36
165,CBS,Thu Jan 25 14:50:05 +0000 2018,"? Tony Bennet (@itstonybennett), Dave Chapelle, @ShemarMoore, @Kelly_Clarkson, @TheRealEve, @johnlegend and many mo… https://t.co/fawCN6AiXY",0.0,0.0,0.0,1.0,35
166,CBS,Thu Jan 25 01:44:32 +0000 2018,New York Giants player Brandon Marshall will be guest judging tomorrow on MVP: Most Valuable Performer! Don't miss… https://t.co/VQE8CAsmZt,0.5697,0.17,0.0,0.83,34
167,CBS,Thu Jan 25 01:08:45 +0000 2018,We are on the red carpet with @etnow's @DDirecto as he talks to this year’s performers in the CBS Diversity Comedy… https://t.co/dfjt2xBsQd,0.0,0.0,0.0,1.0,33
168,CBS,Wed Jan 24 23:45:45 +0000 2018,"Tomorrow, @ScorpionCBS star @KatharineMcPhee will appear as a celebrity judge on MVP: Most Valuable Performer! Watc… https://t.co/mY528oVpRa",0.5697,0.197,0.0,0.803,32
169,CBS,Wed Jan 24 22:46:19 +0000 2018,Acceptance is about understanding who you are. Don't miss @RitaOra talk live about the inspiration behind her lates… https://t.co/2z6MQwvqBz,0.781,0.329,0.0,0.671,31
170,CBS,Wed Jan 24 20:02:13 +0000 2018,"To mark International Holocaust Remembrance Day on Jan. 27, CBS is proud to partner with the @HolocaustMuseum to la… https://t.co/tVSuLmOodh",0.4767,0.14,0.0,0.86,30
171,CBS,Wed Jan 24 16:30:03 +0000 2018,Here's a little mid-week inspiration to get you through until Music's Biggest Night®! For more uplifting speeches a… https://t.co/2b1bumIcpg,0.5289,0.167,0.0,0.833,29
172,CBS,Wed Jan 24 14:51:01 +0000 2018,"Stars @OfficialSting, Emmylou Harris (@EmmylouSongbird) with @ChrisStapleton, @GaryClarkJr with @JonBatiste and… https://t.co/36WvPfrF6c",0.0,0.0,0.0,1.0,28
173,CBS,Wed Jan 24 01:32:59 +0000 2018,Watch Cleveland @Browns player Kevin Zeitler teach his dog new tricks as a finalist on MVP: Most Valuable Performer… https://t.co/xShrx7gkXA,0.4391,0.155,0.069,0.777,27
174,CBS,Tue Jan 23 22:43:37 +0000 2018,.@SuperiorDonuts star @MazJobrani will appear as a celebrity judge on MVP: Most Valuable Performer! Watch the live… https://t.co/5FMnn6Uhkk,0.5697,0.187,0.0,0.813,26
175,CBS,Tue Jan 23 20:29:55 +0000 2018,"In one week, the most entertaining commercials will face off in an epic showdown of Man vs. Beast! Cast your vote n… https://t.co/bgoQNeFPH5",0.54,0.137,0.0,0.863,25
176,CBS,Tue Jan 23 19:50:14 +0000 2018,RT @CBSTweet: A win for the #Patriots is a win for @DomataPeko as he is now a part of #MVPCBS! The @Broncos Nose Tackle will be competing L…,0.8356,0.255,0.0,0.745,24
177,CBS,Tue Jan 23 18:12:58 +0000 2018,".@KatharineMcphee, @MazJobrani &amp; Brandon Marshall (@BMarshh54) are the celebrity judges of MVP: Most Valuable Perfo… https://t.co/hAWDvLLVYx",0.5256,0.184,0.0,0.816,23
178,CBS,Tue Jan 23 01:14:56 +0000 2018,Bet you didn't know that Baltimore @Ravens kicker Justin Tucker is also an amazing opera singer! Watch him compete… https://t.co/qrfQ5z0RRP,0.6239,0.177,0.0,0.823,22
179,CBS,Mon Jan 22 21:17:15 +0000 2018,"#CBS is proud to partner with @AdCouncil, Actor/Producer @DavidSchwimmer, Writer/Director Sigal Avin and @RAINN01 t… https://t.co/7MWrml2lxx",0.4767,0.171,0.0,0.829,21
180,CBS,Mon Jan 22 19:30:39 +0000 2018,"This touching ad will steal your heart! Watch them all and cast your vote for Super Bowl Greatest Commercials 2018,… https://t.co/gNE70WhtsQ",0.7345,0.284,0.108,0.608,20
181,CBS,Mon Jan 22 18:37:35 +0000 2018,"Vote now and don't forget to tune in Tuesday, January 30 at 8/7c on CBS and CBS All Access to find out which unforg… https://t.co/T7bzcOdr5T",0.1695,0.065,0.0,0.935,19
182,CBS,Sun Jan 21 23:30:01 +0000 2018,Baltimore @Ravens player Brandon Williams is a finalist in MVP: Most Valuable Performer! Watch him compete live and… https://t.co/NSNqmsmUSo,0.5697,0.178,0.0,0.822,18
183,CBS,Sun Jan 21 22:55:34 +0000 2018,"RT @CBSTweet: Thank you for voting #JonathanStewart of the @panthers into #MVPCBS, where he will be Playing Piano to win your vote for Most…",0.7964,0.278,0.0,0.722,17
184,CBS,Sun Jan 21 14:16:30 +0000 2018,? Don’t miss the AFC Championship! Stream the Jacksonville Jaguars at New England Patriots LIVE today at 3:05PM ET… https://t.co/DEdEUxlVgQ,0.3802,0.146,0.073,0.78,16
185,CBS,Sun Jan 21 12:00:06 +0000 2018,"Witness the music legends that will go down in history. In one week, watch The 60th Annual #GRAMMYs Sunday, January… https://t.co/Cix3JRI7mS",0.0,0.0,0.0,1.0,15
186,CBS,Sat Jan 20 23:43:46 +0000 2018,New England @Patriots players Cody &amp; Jacob Hollister are finalists of MVP: Most Valuable Performer! Watch them show… https://t.co/9mnVw7WCW1,0.5697,0.17,0.0,0.83,14
187,CBS,Sat Jan 20 23:28:44 +0000 2018,"RT @CBSTweet: ""Always remember there's no place like first"" @Ravens running back @Budda03 is ready to put on his dance shoes for #MVPCBS! #…",0.4753,0.186,0.077,0.737,13
188,CBS,Sat Jan 20 00:42:23 +0000 2018,Carolina @Panthers player Jonathan Stewart is a finalist of MVP: Most Valuable Performer! Watch him compete on the… https://t.co/qhRjuRdRF2,0.5697,0.178,0.0,0.822,12
189,CBS,Fri Jan 19 22:53:48 +0000 2018,RT @CBSTweet: A special thank you from @Browns guard @kzeit70 on behalf of himself and his dog Amber for voting him into #MVPCBS! Don't mis…,0.6696,0.2,0.0,0.8,11
190,CBS,Fri Jan 19 12:06:04 +0000 2018,"Cast your vote for your favorite commercial now, then tune in to see which spot is named champion! Watch Super Bowl… https://t.co/2dGlQvBQED",0.902,0.369,0.0,0.631,10
191,CBS,Thu Jan 18 20:35:02 +0000 2018,Baltimore @Ravens running back Alex Collins (@Budda03) is one of the finalists of MVP: Most Valuable Performer! Wat… https://t.co/7RV0vMyg2F,0.5697,0.17,0.0,0.83,9
192,CBS,Thu Jan 18 20:05:07 +0000 2018,RT @CBSTweet: Let's go!!!! Thank you to the fans for voting in #BrandonWilliams from the @ravens! BrandonW_66 is ready to show off his sing…,0.7326,0.219,0.0,0.781,8
193,CBS,Thu Jan 18 19:04:56 +0000 2018,"#TBT to when @latelateshow's @JKCorden brought Carpool Karaoke to the #GRAMMYs with @JLo, @JohnLegend, @FaithHill a… https://t.co/MNqRh1rgIK",0.0,0.0,0.0,1.0,7
194,CBS,Thu Jan 18 18:29:17 +0000 2018,Find out if your top pick made it to the final round of MVP: Most Valuable Performer! Watch the finalists compete d… https://t.co/nhSJ1SDZDK,0.6689,0.207,0.0,0.793,6
195,CBS,Thu Jan 18 14:45:10 +0000 2018,"Country stars @brothersosborne, @ericchurch &amp; @marenmorris will perform a special tribute to honor the victims of t… https://t.co/m0zbaY6AH0",0.5574,0.266,0.104,0.631,5
196,CBS,Thu Jan 18 02:28:47 +0000 2018,.@ZaneLowe and @AppleMusic's latest #UpNext artist @stefflondon stop by the @LateLateShow tonight! https://t.co/q8EGVM5Bky,-0.3595,0.0,0.172,0.828,4
197,CBS,Wed Jan 17 23:59:46 +0000 2018,"When these #SuperBowlCommercials face off, who will win - Man or Beast? Watch all the memorable spots and cast your… https://t.co/Qbu0Ah0toB",0.5859,0.167,0.0,0.833,3
198,CBS,Wed Jan 17 19:54:17 +0000 2018,"2018 GRAMMY® nominee @LadyGaga is never afraid to push boundaries.

Watch her perform live at The 60th Annual… https://t.co/TqqoTcVs2i",0.0,0.0,0.0,1.0,2
199,CBS,Wed Jan 17 19:04:12 +0000 2018,#StrangeAngel Casting News: @rupertfriend joins the cast of the upcoming CBS All Access original drama series. Lear… https://t.co/xOq0SC6ove,0.3182,0.119,0.0,0.881,1
200,BBC,Sun Jan 28 21:00:07 +0000 2018,"It took nearly three minutes to do this maths trick… but the payoff was 100% worth it! ?

#QI https://t.co/J70MZ39DdI",0.3903,0.128,0.0,0.872,100
201,BBC,Sun Jan 28 20:30:03 +0000 2018,? Canadian-based dance collective Le Patin Libre use ice in daring and dazzling new ways.… https://t.co/bt7AUqNpMJ,0.3612,0.152,0.0,0.848,99
202,BBC,Sun Jan 28 19:30:05 +0000 2018,This is the inspiring story of how Alex is saying NO to bullying. https://t.co/3LTbjXcSJw,-0.6166,0.136,0.331,0.533,98
203,BBC,Sun Jan 28 19:03:04 +0000 2018,"Tonight, @ChrisGPackham searches for a tribal girl he met in 1998 whose jungle home is under threat. 

Chris Packha… https://t.co/5GOKSs6HEq",-0.5267,0.0,0.159,0.841,97
204,BBC,Sun Jan 28 18:30:10 +0000 2018,"?? Whether you’re a veggie household or simply cutting down on your meat intake, here are ten veggie classics that… https://t.co/8wlUIGenAF",-0.128,0.0,0.073,0.927,96
205,BBC,Sun Jan 28 18:00:06 +0000 2018,"?? Fancy breakfast in bed with a giraffe?

#AmazingHotels https://t.co/VaqLUnPY0H",0.0,0.0,0.0,1.0,95
206,BBC,Sun Jan 28 17:30:07 +0000 2018,"In 2002, Iiberian lynx were the rarest cats in the world. 

Now up to 500 roam wild in Spain and Portugal once agai… https://t.co/QuOHpGPVe8",0.0,0.0,0.0,1.0,94
207,BBC,Sun Jan 28 17:00:04 +0000 2018,"From Ariel to the arial bars, these mermaids have crawled out of the ocean and on to the floor. ? https://t.co/gjASMN8PzL",0.0,0.0,0.0,1.0,93
208,BBC,Sun Jan 28 16:30:06 +0000 2018,"? From royal news to surfing dogs, here are 13 times @BBCSimonMcCoy was the news gift that kept on giving. 
?… https://t.co/C6Ic1q6lZH",0.6486,0.218,0.0,0.782,92
209,BBC,Sun Jan 28 16:00:08 +0000 2018,"Mitch's life was changed forever, but thanks to a special gift, he can still chase his goals. ??https://t.co/NNlWa4deRy",0.9052,0.446,0.0,0.554,91
210,BBC,Sun Jan 28 15:30:08 +0000 2018,"?Do you know how to use a defibrillator?

This video could help you save a life. https://t.co/wOkfddUbqB",0.7096,0.312,0.0,0.688,90
211,BBC,Sun Jan 28 15:00:06 +0000 2018,"????? 'A man needs his 'guins.' 

@DavidKHarbour is about to go dancing with penguins. 
? https://t.co/X8GuJOVwST https://t.co/BfBulvLfjB",0.0,0.0,0.0,1.0,89
212,BBC,Sun Jan 28 14:30:09 +0000 2018,"Don't judge a zebra by its stripes.

DNA evidence challenges the idea that we can tell subspecies apart based on va… https://t.co/J7x6N0fY0f",0.0772,0.061,0.0,0.939,88
213,BBC,Sun Jan 28 14:19:18 +0000 2018,"RT @BBCBreakfast: Singer and rapper, @CraigDavid says he has learnt a lot during his 17 years in the music industry and 'living in the mome…",0.0,0.0,0.0,1.0,87
214,BBC,Sun Jan 28 14:17:42 +0000 2018,RT @bbcthesocial: Mind blown ? https://t.co/eIuR72Tyzn,0.0,0.0,0.0,1.0,86
215,BBC,Sun Jan 28 14:17:35 +0000 2018,RT @bbcthree: Michelle is different from your average 20-year-old but she's ok with that. https://t.co/Yv3aOHsBlK,0.4215,0.167,0.0,0.833,85
216,BBC,Sun Jan 28 14:00:07 +0000 2018,"? How do rock stars and artists spend their leisure time?

Here are some of the pursuits that keep our favourite cr… https://t.co/e56TG1pKKc",0.0,0.0,0.0,1.0,84
217,BBC,Sun Jan 28 13:00:13 +0000 2018,"Why do people long for predictions in exactly the areas that are unpredictable? ?
https://t.co/7o3VCZyQXR",0.0,0.0,0.0,1.0,83
218,BBC,Sun Jan 28 12:53:44 +0000 2018,"RT @BBCSpringwatch: Look how still this kingfisher keeps it head while hunting, incredible! #Winterwatch https://t.co/QW8saez9Qo",0.0,0.0,0.0,1.0,82
219,BBC,Sun Jan 28 12:18:28 +0000 2018,?? Roger Federer has won his sixth Australian Open and 20th Grand Slam title with a five-set victory over Marin Cil… https://t.co/vkozLA9X1S,0.6249,0.245,0.095,0.659,81
220,BBC,Sun Jan 28 21:00:07 +0000 2018,"It took nearly three minutes to do this maths trick… but the payoff was 100% worth it! ?

#QI https://t.co/J70MZ39DdI",0.3903,0.128,0.0,0.872,80
221,BBC,Sun Jan 28 20:30:03 +0000 2018,? Canadian-based dance collective Le Patin Libre use ice in daring and dazzling new ways.… https://t.co/bt7AUqNpMJ,0.3612,0.152,0.0,0.848,79
222,BBC,Sun Jan 28 19:30:05 +0000 2018,This is the inspiring story of how Alex is saying NO to bullying. https://t.co/3LTbjXcSJw,-0.6166,0.136,0.331,0.533,78
223,BBC,Sun Jan 28 19:03:04 +0000 2018,"Tonight, @ChrisGPackham searches for a tribal girl he met in 1998 whose jungle home is under threat. 

Chris Packha… https://t.co/5GOKSs6HEq",-0.5267,0.0,0.159,0.841,77
224,BBC,Sun Jan 28 18:30:10 +0000 2018,"?? Whether you’re a veggie household or simply cutting down on your meat intake, here are ten veggie classics that… https://t.co/8wlUIGenAF",-0.128,0.0,0.073,0.927,76
225,BBC,Sun Jan 28 18:00:06 +0000 2018,"?? Fancy breakfast in bed with a giraffe?

#AmazingHotels https://t.co/VaqLUnPY0H",0.0,0.0,0.0,1.0,75
226,BBC,Sun Jan 28 17:30:07 +0000 2018,"In 2002, Iiberian lynx were the rarest cats in the world. 

Now up to 500 roam wild in Spain and Portugal once agai… https://t.co/QuOHpGPVe8",0.0,0.0,0.0,1.0,74
227,BBC,Sun Jan 28 17:00:04 +0000 2018,"From Ariel to the arial bars, these mermaids have crawled out of the ocean and on to the floor. ? https://t.co/gjASMN8PzL",0.0,0.0,0.0,1.0,73
228,BBC,Sun Jan 28 16:30:06 +0000 2018,"? From royal news to surfing dogs, here are 13 times @BBCSimonMcCoy was the news gift that kept on giving. 
?… https://t.co/C6Ic1q6lZH",0.6486,0.218,0.0,0.782,72
229,BBC,Sun Jan 28 16:00:08 +0000 2018,"Mitch's life was changed forever, but thanks to a special gift, he can still chase his goals. ??https://t.co/NNlWa4deRy",0.9052,0.446,0.0,0.554,71
230,BBC,Sun Jan 28 15:30:08 +0000 2018,"?Do you know how to use a defibrillator?

This video could help you save a life. https://t.co/wOkfddUbqB",0.7096,0.312,0.0,0.688,70
231,BBC,Sun Jan 28 15:00:06 +0000 2018,"????? 'A man needs his 'guins.' 

@DavidKHarbour is about to go dancing with penguins. 
? https://t.co/X8GuJOVwST https://t.co/BfBulvLfjB",0.0,0.0,0.0,1.0,69
232,BBC,Sun Jan 28 14:30:09 +0000 2018,"Don't judge a zebra by its stripes.

DNA evidence challenges the idea that we can tell subspecies apart based on va… https://t.co/J7x6N0fY0f",0.0772,0.061,0.0,0.939,68
233,BBC,Sun Jan 28 14:19:18 +0000 2018,"RT @BBCBreakfast: Singer and rapper, @CraigDavid says he has learnt a lot during his 17 years in the music industry and 'living in the mome…",0.0,0.0,0.0,1.0,67
234,BBC,Sun Jan 28 14:17:42 +0000 2018,RT @bbcthesocial: Mind blown ? https://t.co/eIuR72Tyzn,0.0,0.0,0.0,1.0,66
235,BBC,Sun Jan 28 14:17:35 +0000 2018,RT @bbcthree: Michelle is different from your average 20-year-old but she's ok with that. https://t.co/Yv3aOHsBlK,0.4215,0.167,0.0,0.833,65
236,BBC,Sun Jan 28 14:00:07 +0000 2018,"? How do rock stars and artists spend their leisure time?

Here are some of the pursuits that keep our favourite cr… https://t.co/e56TG1pKKc",0.0,0.0,0.0,1.0,64
237,BBC,Sun Jan 28 13:00:13 +0000 2018,"Why do people long for predictions in exactly the areas that are unpredictable? ?
https://t.co/7o3VCZyQXR",0.0,0.0,0.0,1.0,63
238,BBC,Sun Jan 28 12:53:44 +0000 2018,"RT @BBCSpringwatch: Look how still this kingfisher keeps it head while hunting, incredible! #Winterwatch https://t.co/QW8saez9Qo",0.0,0.0,0.0,1.0,62
239,BBC,Sun Jan 28 12:18:28 +0000 2018,?? Roger Federer has won his sixth Australian Open and 20th Grand Slam title with a five-set victory over Marin Cil… https://t.co/vkozLA9X1S,0.6249,0.245,0.095,0.659,61
240,BBC,Sun Jan 28 12:13:59 +0000 2018,"RT @BBCSport: That's why they call him the #GOAT.

Roger Federer has won his SIXTH #ausopen and his TWENTIETH Grand Slam title.

Absolutely…",0.6249,0.229,0.089,0.683,60
241,BBC,Sun Jan 28 12:00:05 +0000 2018,"?? David Attenborough &amp; @ProfBrianCox are Charles Darwin fanboys.

#PeopleOfScience | Watch on @BBCiPlayer https://t.co/t3tzCIZyvu",0.0,0.0,0.0,1.0,59
242,BBC,Sun Jan 28 11:30:09 +0000 2018,"? Think you know your stuff about penguins? 

See if you can peng-win in this @CBBC penguin quiz.
?… https://t.co/90hzXs9eLw",0.0,0.0,0.0,1.0,58
243,BBC,Sun Jan 28 11:00:11 +0000 2018,"? Ring of Fire's volcanic and quake activity is normal, say scientists. 
? https://t.co/S4BzvHWown https://t.co/HcwtysDbJo",0.0,0.0,0.0,1.0,57
244,BBC,Sun Jan 28 10:30:04 +0000 2018,"More than 11 billion items of plastic were found on a third of coral reefs surveyed in the Asia-Pacific region.

Th… https://t.co/iA1OOWNZ4k",0.0,0.0,0.0,1.0,56
245,BBC,Sun Jan 28 10:00:02 +0000 2018,"??? What helps you talk about depression?  

#BBCLikeMinds https://t.co/QEjc3nWqPr",-0.2732,0.195,0.278,0.526,55
246,BBC,Sun Jan 28 09:37:47 +0000 2018,RT @1Xtra: Now on @Diplo and Friends Tokyo’s finest @masayoshi_JP brings a bag of exclusives and forthcoming material from the legendary Tr…,0.4767,0.134,0.0,0.866,54
247,BBC,Sun Jan 28 09:37:18 +0000 2018,RT @BBCRadio4: WB Yeats died on this day in 1939. Here he reads his poem 'The Lake Isle of Innisfree' https://t.co/WCBuSBMFsO https://t.co/…,-0.5574,0.0,0.146,0.854,53
248,BBC,Sun Jan 28 09:30:02 +0000 2018,"?? Rewatch the moment Michael blew the judges away with his Proud Mary performance.

#AllTogetherNow https://t.co/s5YqfGHPtu",0.4767,0.171,0.0,0.829,52
249,BBC,Sun Jan 28 09:00:06 +0000 2018,"? Why do we see faces in unexpected places?

'Pareidolia' is the psychological phenomenon of spotting familiar patt… https://t.co/azGP7YWK28",0.0,0.0,0.0,1.0,51
250,BBC,Sun Jan 28 08:00:09 +0000 2018,"Shops, cafes and businesses will offer free water refill points in every major city and town in England by 2021 to… https://t.co/ScxSlRtZ6w",0.5106,0.136,0.0,0.864,50
251,BBC,Sun Jan 28 08:00:04 +0000 2018,RT @BBCOne: WOW. Rewatch the moment Michael blew the judges away with his Proud Mary on #AllTogetherNow. https://t.co/QaKOTmwQBQ,0.824,0.323,0.0,0.677,49
252,BBC,Sun Jan 28 07:59:31 +0000 2018,"RT @bbcideas: The silent film pioneer, Charlie Chaplin, as remembered by his son ? https://t.co/Gdcz1QK9K0 https://t.co/p8qE13TmcP",0.0,0.0,0.0,1.0,48
253,BBC,Sat Jan 27 21:30:07 +0000 2018,"?? Once upon a time, two-thirds of the world's literature was created by people who couldn't read or write... https://t.co/LbM3h6DxBG",0.25,0.1,0.0,0.9,47
254,BBC,Sat Jan 27 20:47:04 +0000 2018,"? @DarceyOfficial steps out of the world of ballet to pick two modern dance groups breaking new ground. 

Darcey Bu… https://t.co/fi88NAOtLK",0.0,0.0,0.0,1.0,46
255,BBC,Sat Jan 27 20:00:03 +0000 2018,Going out to gigs is... so... fun. ? https://t.co/hbsVsaroWT,0.5106,0.32,0.0,0.68,45
256,BBC,Sat Jan 27 19:39:46 +0000 2018,"RT @BBCFOUR: Frank, dramatic, yet often surprisingly funny, Holocaust survivor Freddie Knoller tells his personal story of being a young Je…",0.765,0.309,0.0,0.691,44
257,BBC,Sat Jan 27 19:00:07 +0000 2018,"More than a third of young women say they are too embarrassed to have a smear test, according to a survey of 2000 w… https://t.co/9ILFLe97vb",-0.6124,0.0,0.2,0.8,43
258,BBC,Sat Jan 27 18:30:09 +0000 2018,"What's it like working with @BTS_twt? 

Meet the choreographer who helped create some of their most incredible danc… https://t.co/F2rEEOSZZA",0.5574,0.213,0.0,0.787,42
259,BBC,Sat Jan 27 18:25:43 +0000 2018,RT @bbcthree: 12 year old Campbell believes always being kind can change the world. https://t.co/2mRxlpPlNs,0.5267,0.195,0.0,0.805,41
260,BBC,Sat Jan 27 18:22:11 +0000 2018,RT @bbcarts: Latest Banksy graffiti unveiled in Hull https://t.co/DdwT8Yc7z0,0.0,0.0,0.0,1.0,40
261,BBC,Sat Jan 27 18:13:51 +0000 2018,"RT @BBCOne: Top tip: When you’re about to blow up Tom Cruise, you better get your timing right. #TheGNShow https://t.co/BCjUEW7vor",0.5719,0.207,0.0,0.793,39
262,BBC,Sat Jan 27 18:12:39 +0000 2018,"RT @BBCSpringwatch: Dipper diving beneath the ice, pure bliss ? #Winterwatch https://t.co/I4MfNhfaaO",0.6124,0.357,0.0,0.643,38
263,BBC,Sat Jan 27 18:12:09 +0000 2018,RT @BBCNewsbeat: Kenya's ice hockey stars have the winter Olympics in their sights ????? https://t.co/6cHwBZmdRf,0.0,0.0,0.0,1.0,37
264,BBC,Sat Jan 27 18:08:00 +0000 2018,RT @bbcthree: The most talented man in Britain. https://t.co/I0goacRww0,0.5563,0.31,0.0,0.69,36
265,BBC,Sat Jan 27 18:07:43 +0000 2018,"RT @BBCiPlayer: Question everything.
Requiem. 
The new psychological thriller available on iPlayer 2nd February ? https://t.co/oZcucUgada",0.1027,0.091,0.0,0.909,35
266,BBC,Sat Jan 27 18:07:33 +0000 2018,"RT @BBCOne: #AllTogetherNow = Saturday night telly, but not as you know it! 
Tonight. 7.15pm. @BBCOne. https://t.co/3wjbAQ0oZ6",0.0,0.0,0.0,1.0,34
267,BBC,Sat Jan 27 18:05:04 +0000 2018,"?? @RobBeckettComic presents a singing contest with a twist, as singers perform in front of a panel of 100 musical… https://t.co/bmDU1sDRiz",0.0,0.0,0.0,1.0,33
268,BBC,Sat Jan 27 17:30:02 +0000 2018,Down's syndrome hasn't stopped this 21-year-old entrepreneur making millions selling colourful socks. https://t.co/VxVAsAs2Hh,0.1695,0.122,0.0,0.878,32
269,BBC,Sat Jan 27 17:00:10 +0000 2018,"??? @ChesterZoo's done it's annual census. 

You won't believe how many cute animals live there... https://t.co/IbaTuBfeow",0.4588,0.167,0.0,0.833,31
270,BBC,Sat Jan 27 16:30:11 +0000 2018,"?? Dust off your disco pants! 

Princess of Pop, @KylieMinogue is back! 
? https://t.co/DaE0XsHEzN https://t.co/U0MPKykEbA",0.0,0.0,0.0,1.0,30
271,BBC,Sat Jan 27 16:00:09 +0000 2018,"'I’m a young and healthy man and I think I look disgusting.'

The story of one man's struggle with body image.
?… https://t.co/J0lZGUfG1b",0.1027,0.117,0.1,0.783,29
272,BBC,Sat Jan 27 15:30:30 +0000 2018,RT @BBCNewsround: Read our guide to Holocaust Memorial Day here: https://t.co/BA3zmBCTa1 https://t.co/s4GqYnYyZc,0.0,0.0,0.0,1.0,28
273,BBC,Sat Jan 27 15:00:09 +0000 2018,"?? The judge wasn't sure if Satan could be prosecuted as he was technically a foreign prince, so might be able to c… https://t.co/Fx5QOZV7id",-0.5517,0.0,0.178,0.822,27
274,BBC,Sat Jan 27 14:00:07 +0000 2018,? #Vegan mayo magic. ? https://t.co/d8oB0dlkWR,0.0,0.0,0.0,1.0,26
275,BBC,Sat Jan 27 13:30:09 +0000 2018,"? We all know what makes us fat - eating more calories than we burn.

But why do we overeat in the first place? 
?… https://t.co/F1ghOVexKk",0.0,0.0,0.0,1.0,25
276,BBC,Sat Jan 27 12:55:04 +0000 2018,"? @RyanGosling stars as a driver who works for the Hollywood cinema industry by day and for criminals at night.

Dr… https://t.co/vKHIoqtDBi",-0.5719,0.0,0.163,0.837,24
277,BBC,Sat Jan 27 12:30:08 +0000 2018,? @SqueezeOfficial brought a slice of Cuba to @achrisevans' studio this week with this @Camila_Cabello cover! https://t.co/YPkE2q8wEh,0.0,0.0,0.0,1.0,23
278,BBC,Sat Jan 27 12:00:04 +0000 2018,?? Could caterpillar farms help fight malnutrition in West Africa? https://t.co/IhhwKw45h7,0.0258,0.189,0.182,0.629,22
279,BBC,Sat Jan 27 11:30:06 +0000 2018,"12 people around the coast of England and Wales explain how they ended up sleeping rough. 
? https://t.co/byvngvErUk https://t.co/6iLhFDV6Z2",0.0,0.0,0.0,1.0,21
280,BBC,Sat Jan 27 10:59:56 +0000 2018,"RT @BBCSport: Find us a better costume at a sporting event.

We'll wait... https://t.co/DnvmXWiBT9",0.4404,0.209,0.0,0.791,20
281,BBC,Sat Jan 27 10:58:52 +0000 2018,RT @BBCNewsEnts: Everything you need to know about tomorrow's #Grammy Awards. https://t.co/dhzNcGoVmA https://t.co/JEc3tpK5Cz,0.4588,0.2,0.0,0.8,19
282,BBC,Sat Jan 27 10:56:21 +0000 2018,"? We can't believe @TomCruise only broke his ankle.

#TheGNShow https://t.co/Er4fmjlw9n",-0.4215,0.0,0.237,0.763,18
283,BBC,Sat Jan 27 10:37:34 +0000 2018,"RT @BBC6Music: You can listen back to Cillian Murphy’s 2-Hour show featuring tunes from @FeistMusic, @mwardtweeting, @lauramarlinghq, @TheR…",0.0,0.0,0.0,1.0,17
284,BBC,Sat Jan 27 10:30:05 +0000 2018,"?? Growers of world-famous Assam tea are encroaching into forests, fuelling a conflict between elephants and humans… https://t.co/79maSLQZyg",-0.3182,0.0,0.126,0.874,16
285,BBC,Sat Jan 27 10:00:08 +0000 2018,"?? What treasures have you got hiding in your house? 

#AntiquesRoadshow https://t.co/pZqRFbtehK",0.1531,0.187,0.147,0.667,15
286,BBC,Sat Jan 27 10:00:03 +0000 2018,"Want to reduce your power use? 

? Turn this up &amp; TURN  IT OFF. ?

?? Check out #TerrificScientific's power investi… https://t.co/4MR9YorDWU",0.0772,0.064,0.0,0.936,14
287,BBC,Sat Jan 27 09:53:28 +0000 2018,"RT @cbbc: Our favourite Nikkis, @NicoleScherzy and @nikkilillyy hang out, catch up and eat some sh-amazing cupcakes ??? Watch it here ? htt…",0.0,0.0,0.0,1.0,13
288,BBC,Sat Jan 27 09:50:46 +0000 2018,"RT @BBCOne: This is the magic of the moon… as you've never seen it before.
??????? 
#WondersOfTheMoon. Wednesday. 9pm. @BBCOne. https://t.c…",0.0,0.0,0.0,1.0,12
289,BBC,Sat Jan 27 09:50:38 +0000 2018,"RT @BBCScotland: Every year, Atlantic salmon make an extraordinary journey upstream to complete their life cycle.

Watch Highlands - Scotla…",0.0,0.0,0.0,1.0,11
290,BBC,Sat Jan 27 09:50:18 +0000 2018,"RT @BBCTwo: For 32 years, fake news stopped women competing in track events at the Olympics. ? #QI https://t.co/uHN6tXc0S1",-0.6124,0.0,0.238,0.762,10
291,BBC,Sat Jan 27 09:32:03 +0000 2018,"Want to celebrate an inspiring cook, food producer or innovative food business?

Nominate them for the… https://t.co/TnHODjaMcr",0.8658,0.451,0.0,0.549,9
292,BBC,Sat Jan 27 08:40:01 +0000 2018,"? Eva recounts the horrors of surviving not just one, but two Nazi concentration camps.

#HolocaustMemorialDay https://t.co/YtEUcyZQQC",-0.1901,0.089,0.131,0.78,8
293,BBC,Sat Jan 27 07:59:04 +0000 2018,"? Big actors, tiny roles.

Guess the film titles in @BBCRadio4's small but perfectly formed miniature movie quiz!… https://t.co/Btt64CFl2m",0.7959,0.264,0.0,0.736,7
294,BBC,Fri Jan 26 20:00:04 +0000 2018,"Amazing ??? 

#DarceyBussellsNewDance | 10pm Saturday | @BBCTwo https://t.co/8jwGEBIXUG",0.5859,0.388,0.0,0.612,6
295,BBC,Fri Jan 26 19:33:04 +0000 2018,A domesticated cow has surprised Polish naturalists by spending the winter living with a herd of wild bison. ?… https://t.co/TbOsdGeWT8,0.2263,0.101,0.0,0.899,5
296,BBC,Fri Jan 26 19:00:04 +0000 2018,"? Did you know that electronic music as we know it *kind of* started with two women’s experiments?

https://t.co/OzBHV9AgvT",0.0,0.0,0.0,1.0,4
297,BBC,Fri Jan 26 18:34:02 +0000 2018,"Small children... they're boring. ?

@Sindhuvfunny's take on parenting is... hilarious. https://t.co/Tmg8cHXSCv",0.1027,0.193,0.164,0.643,3
298,BBC,Fri Jan 26 17:57:04 +0000 2018,?? This wholesome Instagram account dedicated solely to pictures of men with bread is exactly what the world needs… https://t.co/cj0YRux4S2,0.4588,0.136,0.0,0.864,2
299,BBC,Fri Jan 26 17:48:49 +0000 2018,"RT @bbcideas: The year 2000 didn’t really appeal to these kids from 1966. Then again, they did think that we might be living under the sea…",0.0,0.0,0.0,1.0,1
300,nytimes,Sun Jan 28 21:30:02 +0000 2018,"6 different films from 20th Century Fox, including the word-of-mouth hit “The Greatest Showman,” appeared on the bo… https://t.co/W2bmQ92RKo",0.6369,0.198,0.0,0.802,100
301,nytimes,Sun Jan 28 21:15:09 +0000 2018,"An elite team came to the rescue of a French climber, but extremely harsh conditions have left them unable to reach… https://t.co/xABZuOHIm9",-0.4835,0.085,0.169,0.747,99
302,nytimes,Sun Jan 28 21:00:08 +0000 2018,"Why is Woody Allen's career in peril? Despite his denials, his accuser, his daughter Dylan Farrow, tells The Times… https://t.co/0KiWOX0NLK",-0.4019,0.0,0.124,0.876,98
303,nytimes,Sun Jan 28 20:45:02 +0000 2018,How a bot stole a Minnesota high school student's social identity to promote cryptocurrency and graphic adult conte… https://t.co/vBpPLCQzmW,0.3818,0.14,0.0,0.86,97
304,nytimes,Sun Jan 28 20:30:12 +0000 2018,"David Frum argues that Donald Trump's greatest talent is for exploiting weaknesses, and the Democrats have given hi… https://t.co/oaHfyS3FTq",0.0,0.241,0.276,0.483,96
305,nytimes,Sun Jan 28 20:15:13 +0000 2018,"Best known to audiences for his TV roles on “Happy Endings” and “The Mindy Project,” Adam Pally is jumping into the… https://t.co/NnivDQuhU0",0.6369,0.167,0.0,0.833,95
306,nytimes,Sun Jan 28 20:00:18 +0000 2018,"The Humanity Star has been called a disco ball, a Dungeons and Dragons die, and space graffiti. Some astronomers ar… https://t.co/7qRLRFjgB5",-0.5994,0.0,0.178,0.822,94
307,nytimes,Sun Jan 28 19:45:02 +0000 2018,"Opinion: ""The problem with this seemingly harmless question is that such an interrogation demonstrates how white pe… https://t.co/J6QpitVYzB",-0.1779,0.097,0.13,0.773,93
308,nytimes,Sun Jan 28 19:30:04 +0000 2018,"As a teenager, Robert Ellsberg pitched in twice at the copying machine, helping his father make duplicates of the c… https://t.co/iPaMtOPUbS",0.296,0.104,0.0,0.896,92
309,nytimes,Sun Jan 28 19:15:06 +0000 2018,"President Trump used Davos to urge business leaders to invest in the United States. But during the meeting, it was… https://t.co/T5CpJ4hdBL",0.4215,0.123,0.0,0.877,91
310,nytimes,Sun Jan 28 19:07:27 +0000 2018,RT @nytimesarts: All eyes will be on Jay-Z if he wins an award at the Grammys tonight. President Trump responded to comments the music mogu…,0.802,0.238,0.0,0.762,90
311,nytimes,Sun Jan 28 19:00:22 +0000 2018,"A blizzard descended on Iran, blanketing large parts of the country and taking everyone by surprise https://t.co/PFhTxTl4YL",0.2732,0.123,0.0,0.877,89
312,nytimes,Sun Jan 28 18:45:10 +0000 2018,Here’s what you need to know about the week’s top stories https://t.co/HDauWojUZh,0.2023,0.141,0.0,0.859,88
313,nytimes,Sun Jan 28 18:30:05 +0000 2018,Marco Rubio fired his chief of staff after he determined that the employee had “violated office policies regarding… https://t.co/Fy8LT6Vnvr,-0.296,0.104,0.157,0.739,87
314,nytimes,Sun Jan 28 18:23:40 +0000 2018,RT @nytimesarts: Can Woody Allen work in Hollywood again? Actors are rebuking him. Amazon may end its relationship with him. His sister say…,0.1779,0.072,0.0,0.928,86
315,nytimes,Sun Jan 28 18:15:09 +0000 2018,Florida’s Stand Your Ground law was meant to make sure that average residents could defend themselves without fear… https://t.co/Zv5v65wmPG,0.3182,0.113,0.0,0.887,85
316,nytimes,Sun Jan 28 18:08:50 +0000 2018,"RT @nickconfessore: A @nytimes team uncovered a global black market in social identity theft. 
The customers? Some of your favorite reality…",0.4588,0.143,0.0,0.857,84
317,nytimes,Sun Jan 28 18:00:13 +0000 2018,? https://t.co/sS4cV4QvYb,0.0,0.0,0.0,1.0,83
318,nytimes,Sun Jan 28 17:45:10 +0000 2018,"After finding an old photo of a stranger in a book, a journalist went on a quest https://t.co/dFPwaeOlwS",0.0,0.0,0.0,1.0,82
319,nytimes,Sun Jan 28 17:30:11 +0000 2018,Voters told President Evo Morales in a referendum it was time to retire. But he intends to run again. https://t.co/Jd6in3J2iH,0.0,0.0,0.0,1.0,81
320,nytimes,Sun Jan 28 21:30:02 +0000 2018,"6 different films from 20th Century Fox, including the word-of-mouth hit “The Greatest Showman,” appeared on the bo… https://t.co/W2bmQ92RKo",0.6369,0.198,0.0,0.802,80
321,nytimes,Sun Jan 28 21:15:09 +0000 2018,"An elite team came to the rescue of a French climber, but extremely harsh conditions have left them unable to reach… https://t.co/xABZuOHIm9",-0.4835,0.085,0.169,0.747,79
322,nytimes,Sun Jan 28 21:00:08 +0000 2018,"Why is Woody Allen's career in peril? Despite his denials, his accuser, his daughter Dylan Farrow, tells The Times… https://t.co/0KiWOX0NLK",-0.4019,0.0,0.124,0.876,78
323,nytimes,Sun Jan 28 20:45:02 +0000 2018,How a bot stole a Minnesota high school student's social identity to promote cryptocurrency and graphic adult conte… https://t.co/vBpPLCQzmW,0.3818,0.14,0.0,0.86,77
324,nytimes,Sun Jan 28 20:30:12 +0000 2018,"David Frum argues that Donald Trump's greatest talent is for exploiting weaknesses, and the Democrats have given hi… https://t.co/oaHfyS3FTq",0.0,0.241,0.276,0.483,76
325,nytimes,Sun Jan 28 20:15:13 +0000 2018,"Best known to audiences for his TV roles on “Happy Endings” and “The Mindy Project,” Adam Pally is jumping into the… https://t.co/NnivDQuhU0",0.6369,0.167,0.0,0.833,75
326,nytimes,Sun Jan 28 20:00:18 +0000 2018,"The Humanity Star has been called a disco ball, a Dungeons and Dragons die, and space graffiti. Some astronomers ar… https://t.co/7qRLRFjgB5",-0.5994,0.0,0.178,0.822,74
327,nytimes,Sun Jan 28 19:45:02 +0000 2018,"Opinion: ""The problem with this seemingly harmless question is that such an interrogation demonstrates how white pe… https://t.co/J6QpitVYzB",-0.1779,0.097,0.13,0.773,73
328,nytimes,Sun Jan 28 19:30:04 +0000 2018,"As a teenager, Robert Ellsberg pitched in twice at the copying machine, helping his father make duplicates of the c… https://t.co/iPaMtOPUbS",0.296,0.104,0.0,0.896,72
329,nytimes,Sun Jan 28 19:15:06 +0000 2018,"President Trump used Davos to urge business leaders to invest in the United States. But during the meeting, it was… https://t.co/T5CpJ4hdBL",0.4215,0.123,0.0,0.877,71
330,nytimes,Sun Jan 28 19:07:27 +0000 2018,RT @nytimesarts: All eyes will be on Jay-Z if he wins an award at the Grammys tonight. President Trump responded to comments the music mogu…,0.802,0.238,0.0,0.762,70
331,nytimes,Sun Jan 28 19:00:22 +0000 2018,"A blizzard descended on Iran, blanketing large parts of the country and taking everyone by surprise https://t.co/PFhTxTl4YL",0.2732,0.123,0.0,0.877,69
332,nytimes,Sun Jan 28 18:45:10 +0000 2018,Here’s what you need to know about the week’s top stories https://t.co/HDauWojUZh,0.2023,0.141,0.0,0.859,68
333,nytimes,Sun Jan 28 18:30:05 +0000 2018,Marco Rubio fired his chief of staff after he determined that the employee had “violated office policies regarding… https://t.co/Fy8LT6Vnvr,-0.296,0.104,0.157,0.739,67
334,nytimes,Sun Jan 28 18:23:40 +0000 2018,RT @nytimesarts: Can Woody Allen work in Hollywood again? Actors are rebuking him. Amazon may end its relationship with him. His sister say…,0.1779,0.072,0.0,0.928,66
335,nytimes,Sun Jan 28 18:15:09 +0000 2018,Florida’s Stand Your Ground law was meant to make sure that average residents could defend themselves without fear… https://t.co/Zv5v65wmPG,0.3182,0.113,0.0,0.887,65
336,nytimes,Sun Jan 28 18:08:50 +0000 2018,"RT @nickconfessore: A @nytimes team uncovered a global black market in social identity theft. 
The customers? Some of your favorite reality…",0.4588,0.143,0.0,0.857,64
337,nytimes,Sun Jan 28 18:00:13 +0000 2018,? https://t.co/sS4cV4QvYb,0.0,0.0,0.0,1.0,63
338,nytimes,Sun Jan 28 17:45:10 +0000 2018,"After finding an old photo of a stranger in a book, a journalist went on a quest https://t.co/dFPwaeOlwS",0.0,0.0,0.0,1.0,62
339,nytimes,Sun Jan 28 17:30:11 +0000 2018,Voters told President Evo Morales in a referendum it was time to retire. But he intends to run again. https://t.co/Jd6in3J2iH,0.0,0.0,0.0,1.0,61
340,nytimes,Sun Jan 28 17:15:08 +0000 2018,"President Trump took aim at Jay-Z in tweets earlier this morning. In November, Jay-Z said ""an ideal way is to have… https://t.co/oV9EvDogQe",0.5267,0.139,0.0,0.861,60
341,nytimes,Sun Jan 28 17:00:09 +0000 2018,Protesters across Russia braved icy temperatures to demonstrate against the lack of choice in a presidential electi… https://t.co/Ef6D6ODW8G,-0.0772,0.137,0.199,0.664,59
342,nytimes,Sun Jan 28 16:45:17 +0000 2018,"“Don’t forget, we’re still in 2 different wars that I started,"" Will Ferrell said as former President George W. Bus… https://t.co/WGNhnEkJ5m",-0.6705,0.0,0.244,0.756,58
343,nytimes,Sun Jan 28 16:30:04 +0000 2018,"Roger Federer is the oldest man to win the Australian Open since one of his role models, Ken Rosewall, in 1972 https://t.co/P4gIE6d60G",0.5859,0.153,0.0,0.847,57
344,nytimes,Sun Jan 28 16:20:50 +0000 2018,In case all this talk of meatballs has made you hungry https://t.co/kfx71JLBpm,0.0,0.0,0.0,1.0,56
345,nytimes,Sun Jan 28 16:15:05 +0000 2018,"Were they really discussing meatballs or was “meatballs” a code word for something shady?
 https://t.co/EVHHwRYYuy",0.0,0.0,0.0,1.0,55
346,nytimes,Sun Jan 28 16:00:07 +0000 2018,Will the music industry take advantage of its marquee moment tonight at the Grammys to make a statement about the… https://t.co/X1LN1G1fLo,0.25,0.095,0.0,0.905,54
347,nytimes,Sun Jan 28 15:45:07 +0000 2018,"Air Force One needs 2 new refrigerators. Together, they cost $24 million. https://t.co/C1I07DY9sY",0.0,0.0,0.0,1.0,53
348,nytimes,Sun Jan 28 15:30:10 +0000 2018,"""We wanted to separate from the reality of our lives. Leave behind not just the kids and the responsibilities, but… https://t.co/vw2XUTAZ4k",-0.0516,0.0,0.057,0.943,52
349,nytimes,Sun Jan 28 15:21:37 +0000 2018,"In an email to The New York Times, Dylan Farrow replied to statements made by Letty Aronson, Woody Allen’s sister a… https://t.co/7Xjh9FoFLj",0.0,0.0,0.0,1.0,51
350,nytimes,Sun Jan 28 15:07:28 +0000 2018,"36 hours in Calgary, Alberta https://t.co/xB4jRNSj4H",0.0,0.0,0.0,1.0,50
351,nytimes,Sun Jan 28 14:46:43 +0000 2018,"Is #MeToo catching up to Woody Allen? Sexual abuse allegations from his past are putting his deal with Amazon, and… https://t.co/osyjLgIyXQ",-0.5423,0.068,0.169,0.763,49
352,nytimes,Sun Jan 28 14:30:15 +0000 2018,"For the first time since the global economic downturn, every major economy on earth is expanding, creating jobs, li… https://t.co/WxJhV0h51B",0.296,0.104,0.0,0.896,48
353,nytimes,Sun Jan 28 14:20:26 +0000 2018,People in politics with fake followers purchased from Devumi https://t.co/A4Z8xzEJA8 https://t.co/mqbJ5s2X0X,-0.4767,0.0,0.237,0.763,47
354,nytimes,Sun Jan 28 14:00:20 +0000 2018,Michigan State University portrayed Patrick Fitzgerald as reviewing the Larry Nassar cases even as he was hired to… https://t.co/HXtgjePIMr,0.0,0.0,0.0,1.0,46
355,nytimes,Sun Jan 28 13:36:46 +0000 2018,"Climber Rescued on Pakistan’s ‘Killer Mountain,’ but Another Is in Peril https://t.co/nG3JqZuBQ1",-0.3919,0.123,0.23,0.647,45
356,nytimes,Sun Jan 28 13:30:23 +0000 2018,The casino mogul Stephen Wynn has stepped down as finance chairman of the Republican National Committee after repor… https://t.co/EmWXb3W9ET,0.0,0.0,0.0,1.0,44
357,nytimes,Sun Jan 28 13:11:38 +0000 2018,Editorial Notebook: Less Chance to Get Together in the Dark https://t.co/xnEGSvcKEm,0.1796,0.146,0.0,0.854,43
358,nytimes,Sun Jan 28 13:00:02 +0000 2018,"""For women, access to reproductive health care isn’t a political issue. The women who walk into Planned Parenthood… https://t.co/aoaEOiUgPg",0.4939,0.158,0.0,0.842,42
359,nytimes,Sun Jan 28 12:40:56 +0000 2018,Russians Brave Icy Temperatures to Protest Putin and Election https://t.co/SSwNkPNJ4e,0.34,0.254,0.149,0.597,41
360,nytimes,Sun Jan 28 12:30:18 +0000 2018,"President Trump is planning an optimistic State of the Union, but there are no guarantees when he faces a televisio… https://t.co/rwavV6Bk7P",-0.2846,0.073,0.125,0.802,40
361,nytimes,Sun Jan 28 12:09:06 +0000 2018,"Ingvar Kamprad, Who Founded Ikea and Created a Global Empire, Dies at 91 https://t.co/0xEODIlET7",0.25,0.143,0.0,0.857,39
362,nytimes,Sun Jan 28 12:05:28 +0000 2018,Netflix announced that it will start releasing 15-minute-long comedy specials https://t.co/GQKqgVkNG2,0.3612,0.2,0.0,0.8,38
363,nytimes,Sun Jan 28 11:52:34 +0000 2018,"Breaking News: Ingvar Kamprad, the Swedish entrepreneur who founded Ikea and made it the world's largest furniture… https://t.co/q41ZvJjlxv",0.0,0.0,0.0,1.0,37
364,nytimes,Sun Jan 28 11:47:13 +0000 2018,Ties: Building a Baby Sleep Machine in India https://t.co/k2mQDSC8ug,0.0,0.0,0.0,1.0,36
365,nytimes,Sun Jan 28 11:37:45 +0000 2018,"""I’m done paying for more TV, even if it means turning my back on Star Trek."" https://t.co/2MDBxzc51g",0.0,0.0,0.0,1.0,35
366,nytimes,Sun Jan 28 11:18:23 +0000 2018,"RuPaul: ""We queens take on identity, and it is always a social statement"" https://t.co/yMrGCAmBDn",0.0,0.0,0.0,1.0,34
367,nytimes,Sun Jan 28 11:00:23 +0000 2018,"If tensions between Republicans and Democrats in Congress don't cool, the parties might careen toward another fisca… https://t.co/gaum0s1Tv5",-0.7114,0.0,0.316,0.684,33
368,nytimes,Sun Jan 28 10:43:23 +0000 2018,The history of wine in 442 podcasts https://t.co/mg2GbPNdV2,0.0,0.0,0.0,1.0,32
369,nytimes,Sun Jan 28 10:24:25 +0000 2018,"In Quebec, Bombardier's win against Boeing in a trade dispute resulted in a decidedly un-Canadian dose of triumphal… https://t.co/mg2IXS3LQ6",0.2732,0.177,0.126,0.698,31
370,nytimes,Sun Jan 28 10:07:56 +0000 2018,"As George W. Bush on ‘S.N.L.,’ Will Ferrell Wants to Remind You: ‘I Was Really Bad’ https://t.co/ejPjWBt7AM",0.0,0.0,0.0,1.0,30
371,nytimes,Sun Jan 28 09:54:11 +0000 2018,"RT @nytimesworld: “I saw a flame that blinded my eyes, then I went unconscious,” said a man who suffered a head wound from a detonation in…",-0.4939,0.0,0.138,0.862,29
372,nytimes,Sun Jan 28 09:35:47 +0000 2018,"Ireland's prime minister said that he will campaign to end his country’s constitutional ban on abortion, ending wee… https://t.co/aE6Gtk5alg",-0.5574,0.0,0.167,0.833,28
373,nytimes,Sun Jan 28 09:17:00 +0000 2018,The music industry has mostly ducked the #MeToo movement. Can white roses at the Grammys change that? https://t.co/8h0zsvS9xV,0.0,0.0,0.0,1.0,27
374,nytimes,Sun Jan 28 08:57:29 +0000 2018,"“People who’ve been betrayed need to know that there’s no shame in staying in the marriage — they’re not doormats,… https://t.co/vR9bycfDjX",-0.8519,0.0,0.354,0.646,26
375,nytimes,Sun Jan 28 08:38:49 +0000 2018,Your weekend playlist has arrived https://t.co/yLxXJHfenW,0.0,0.0,0.0,1.0,25
376,nytimes,Sun Jan 28 08:21:01 +0000 2018,The Irish prime minister Leo Varadkar said that he will campaign to end his country’s constitutional ban on abortion https://t.co/DS2PAstgVw,-0.5574,0.0,0.159,0.841,24
377,nytimes,Sun Jan 28 08:04:06 +0000 2018,"When celebrities and businesses want to appear more popular than they are, some buy fake Twitter followers from Dev… https://t.co/P5N13y747A",0.0754,0.179,0.127,0.694,23
378,nytimes,Sun Jan 28 08:01:56 +0000 2018,The Sweet Spot: How to Get Over an Infatuation https://t.co/8IVAXt0Dtz,0.5574,0.365,0.0,0.635,22
379,nytimes,Sun Jan 28 07:35:00 +0000 2018,"RT @nytimesworld: Militants stormed an army camp in northern Mali on Saturday, killing at least 14 soldiers in the worst attack on security…",-0.9118,0.0,0.367,0.633,21
380,nytimes,Sun Jan 28 07:16:22 +0000 2018,"Mort Walker, Creator of ‘Beetle Bailey’ Comic Strip, Dies at 94 https://t.co/MVCjvuPCAF",0.0,0.0,0.0,1.0,20
381,nytimes,Sun Jan 28 07:12:19 +0000 2018,Rubio Fires Chief of Staff After Misconduct Allegations https://t.co/YvslLGoXB0,0.0,0.0,0.0,1.0,19
382,nytimes,Sun Jan 28 07:10:12 +0000 2018,"Tabàrnia is a territory that's very much in the news in Catalonia, but you won't find it on any (official) map https://t.co/7jcfFyQVuv",0.0,0.0,0.0,1.0,18
383,nytimes,Sun Jan 28 06:52:15 +0000 2018,"John Lennon, Janis Joplin and the Notorious B.I.G. reached No. 1 with a single after their deaths. But the first pe… https://t.co/b5G458z8v2",-0.5719,0.06,0.217,0.723,17
384,nytimes,Sun Jan 28 06:34:54 +0000 2018,"For the first time since the financial crisis a decade ago, all of the world’s major economies are growing https://t.co/rAHTK3jeMi",-0.5267,0.075,0.18,0.746,16
385,nytimes,Sun Jan 28 06:19:07 +0000 2018,"For more than 80 days, he was locked up in the capital of the kingdom named after his family as alarm spread among… https://t.co/Ugafm9rgaR",-0.34,0.0,0.094,0.906,15
386,nytimes,Sun Jan 28 06:02:26 +0000 2018,How to keep children safe from abuse at the pediatrician's office https://t.co/rfziUWwfq6,-0.3182,0.17,0.246,0.585,14
387,nytimes,Sun Jan 28 05:57:51 +0000 2018,Business leaders and organizations with fake followers purchased from Devumi https://t.co/A4Z8xzEJA8 https://t.co/QOextsEUCv,-0.4767,0.0,0.22,0.78,13
388,nytimes,Sun Jan 28 05:44:14 +0000 2018,"No matter how much free time you have this weekend, we have TV recommendations for you https://t.co/ZEkirY5PP8",0.296,0.214,0.107,0.68,12
389,nytimes,Sun Jan 28 05:26:00 +0000 2018,The Ethicist on forming a relationship with the child you gave away https://t.co/FjY68p9y0W,0.0,0.0,0.0,1.0,11
390,nytimes,Sun Jan 28 05:07:45 +0000 2018,Bruno Mars is nominated for 6 Grammys. Meet the guys who helped give “24K Magic” its bounce. https://t.co/A1MMgWlAIi,0.0,0.0,0.0,1.0,10
391,nytimes,Sun Jan 28 04:49:36 +0000 2018,"Make this hearty, Middle Eastern spiced lentil soup with meatballs and angel hair pasta https://t.co/DEnQrIRDEf https://t.co/PshFn4ODkg",0.0,0.0,0.0,1.0,9
392,nytimes,Sun Jan 28 04:28:12 +0000 2018,"The NYT obituary for Ursula K. Le Guin, acclaimed for her fantasy fiction https://t.co/pnYQUKGAeV",0.0,0.0,0.0,1.0,8
393,nytimes,Sun Jan 28 04:11:09 +0000 2018,Inside the follower factory https://t.co/y9jJjawQwR,0.0,0.0,0.0,1.0,7
394,nytimes,Sun Jan 28 03:47:01 +0000 2018,"For the first time ever, the Taj Mahal, India’s monument to eternal love, is getting a serious cleaning https://t.co/Pucv0Rj2Pr",0.5994,0.195,0.06,0.744,6
395,nytimes,Sun Jan 28 03:31:49 +0000 2018,"These gallery walls are empty. Here, you listen to the art. https://t.co/mNUuwUbH4J",-0.2023,0.0,0.141,0.859,5
396,nytimes,Sun Jan 28 03:10:59 +0000 2018,"Air Force One Needs 2 New Refrigerators. Together, They Cost $24 Million. https://t.co/dHkOtB4Poa",0.0,0.0,0.0,1.0,4
397,nytimes,Sun Jan 28 03:01:22 +0000 2018,How to see Nashville without breaking the bank https://t.co/13YoAYXvr0,0.0,0.0,0.0,1.0,3
398,nytimes,Sun Jan 28 02:46:07 +0000 2018,How much warmer was your city in 2017? https://t.co/ykDxdcIFnh,0.296,0.216,0.0,0.784,2
399,nytimes,Sun Jan 28 02:31:17 +0000 2018,What if a healthier Facebook is just … Instagram? https://t.co/IZCYwk83Qz,0.0,0.0,0.0,1.0,1
400,CNN,Sun Jan 28 21:15:09 +0000 2018,"Czechs re-elect President Zeman, who is known for pro-Russian views https://t.co/ogVjsRzKid https://t.co/onC5pLb9XD",0.0,0.0,0.0,1.0,100
401,CNN,Sun Jan 28 21:00:08 +0000 2018,Take a look at the week in politics https://t.co/ambiDDfPxf https://t.co/DzmL63479m,0.0,0.0,0.0,1.0,99
402,CNN,Sun Jan 28 20:46:20 +0000 2018,"Hip-hop artist Jay-Z tells CNN's Van Jones that the stigma attached to mental health issues is ""ridiculous"" and tha… https://t.co/DmLSjtsss3",0.0,0.0,0.0,1.0,98
403,CNN,Sun Jan 28 20:31:47 +0000 2018,This high school basketball player from a Chicago suburb scored the winning goal for his team by making an unbeliev… https://t.co/yd1MRmH08y,0.5267,0.152,0.0,0.848,97
404,CNN,Sun Jan 28 20:15:13 +0000 2018,Influential Koch network plans to invest nearly $400M to help protect GOP majorities https://t.co/U7WN5bsjFx https://t.co/Tz5NG20uB7,0.802,0.406,0.0,0.594,96
405,CNN,Sun Jan 28 20:00:21 +0000 2018,'Ultra-technologists' to open digital-only museum in Tokyo https://t.co/D8BLrkvof7 https://t.co/cirrKhf99H,0.0,0.0,0.0,1.0,95
406,CNN,Sun Jan 28 19:45:03 +0000 2018,"Koch network leader says Attorney General Jeff Sessions ""on board"" with prison reform https://t.co/o5g3iJnYyp https://t.co/ZUd3dDJObr",-0.5106,0.0,0.191,0.809,94
407,CNN,Sun Jan 28 19:30:31 +0000 2018,"Before Amtrak 501 crashed last month near Seattle, train workers told supervisors they didn't feel adequately train… https://t.co/E7bHksA1GJ",0.0,0.0,0.0,1.0,93
408,CNN,Sun Jan 28 19:15:07 +0000 2018,Republicans and Democrats emphasize compromise in forging immigration deal https://t.co/oezEdAj9GY https://t.co/gYIC5H2dwc,0.0,0.0,0.0,1.0,92
409,CNN,Sun Jan 28 19:00:17 +0000 2018,Seven survivors of missing ferry rescued after days adrift in Pacific https://t.co/0108TgVT8E https://t.co/EAxvjNS8iC,0.1531,0.175,0.138,0.688,91
410,CNN,Sun Jan 28 18:45:12 +0000 2018,Afghanistan mourns after ambulance bomb kills more than 100 https://t.co/93ozKrxl10 https://t.co/XmNjikCGjs,-0.8779,0.0,0.558,0.442,90
411,CNN,Sun Jan 28 18:30:15 +0000 2018,Marco Rubio fires his chief of staff over misconduct allegations https://t.co/4FUSn9hDVc https://t.co/8JV1fxg8aS,0.0,0.0,0.0,1.0,89
412,CNN,Sun Jan 28 18:15:05 +0000 2018,Russian opposition leader Alexei Navalny arrested during protests https://t.co/RZDsbI637n https://t.co/a1QwjIuBNf,-0.6124,0.0,0.385,0.615,88
413,CNN,Sun Jan 28 18:00:02 +0000 2018,This former guerrilla leader wants to be Colombia's next president https://t.co/3RUGutw4pk https://t.co/3xp7U5ls38,0.0,0.0,0.0,1.0,87
414,CNN,Sun Jan 28 17:45:13 +0000 2018,Here comes the Big Tech profit party https://t.co/PS4vDf6Kd8 https://t.co/KGFrNejUWS,0.6808,0.444,0.0,0.556,86
415,CNN,Sun Jan 28 17:30:27 +0000 2018,"Republican Sen. Susan Collins says it ""wouldn't hurt"" for Congress to protect special counsel Robert Mueller follow… https://t.co/evVZAo6khT",0.795,0.35,0.0,0.65,85
416,CNN,Sun Jan 28 17:15:07 +0000 2018,"""SNL"" brings back Will Ferrell's George W. Bush https://t.co/BNZ9HNpoVl https://t.co/9vc5MyZ2RR",0.0,0.0,0.0,1.0,84
417,CNN,Sun Jan 28 17:00:07 +0000 2018,How the US is losing Asia to China https://t.co/4AcmhOwxzM https://t.co/BfhBlwstjm,-0.3818,0.0,0.224,0.776,83
418,CNN,Sun Jan 28 16:47:20 +0000 2018,"Lawmakers want answers after State Department employees claim ""political retribution"" https://t.co/yxzhaYQZrz https://t.co/6QFD6ONTId",0.0772,0.106,0.0,0.894,82
419,CNN,Sun Jan 28 16:30:06 +0000 2018,President Trump says he has brought down black unemployment. Hip-hop legend Jay-Z told CNN that's no excuse for his… https://t.co/n2ZpCcLMBm,-0.5859,0.056,0.218,0.726,81
420,CNN,Sun Jan 28 21:15:09 +0000 2018,"Czechs re-elect President Zeman, who is known for pro-Russian views https://t.co/ogVjsRzKid https://t.co/onC5pLb9XD",0.0,0.0,0.0,1.0,80
421,CNN,Sun Jan 28 21:00:08 +0000 2018,Take a look at the week in politics https://t.co/ambiDDfPxf https://t.co/DzmL63479m,0.0,0.0,0.0,1.0,79
422,CNN,Sun Jan 28 20:46:20 +0000 2018,"Hip-hop artist Jay-Z tells CNN's Van Jones that the stigma attached to mental health issues is ""ridiculous"" and tha… https://t.co/DmLSjtsss3",0.0,0.0,0.0,1.0,78
423,CNN,Sun Jan 28 20:31:47 +0000 2018,This high school basketball player from a Chicago suburb scored the winning goal for his team by making an unbeliev… https://t.co/yd1MRmH08y,0.5267,0.152,0.0,0.848,77
424,CNN,Sun Jan 28 20:15:13 +0000 2018,Influential Koch network plans to invest nearly $400M to help protect GOP majorities https://t.co/U7WN5bsjFx https://t.co/Tz5NG20uB7,0.802,0.406,0.0,0.594,76
425,CNN,Sun Jan 28 20:00:21 +0000 2018,'Ultra-technologists' to open digital-only museum in Tokyo https://t.co/D8BLrkvof7 https://t.co/cirrKhf99H,0.0,0.0,0.0,1.0,75
426,CNN,Sun Jan 28 19:45:03 +0000 2018,"Koch network leader says Attorney General Jeff Sessions ""on board"" with prison reform https://t.co/o5g3iJnYyp https://t.co/ZUd3dDJObr",-0.5106,0.0,0.191,0.809,74
427,CNN,Sun Jan 28 19:30:31 +0000 2018,"Before Amtrak 501 crashed last month near Seattle, train workers told supervisors they didn't feel adequately train… https://t.co/E7bHksA1GJ",0.0,0.0,0.0,1.0,73
428,CNN,Sun Jan 28 19:15:07 +0000 2018,Republicans and Democrats emphasize compromise in forging immigration deal https://t.co/oezEdAj9GY https://t.co/gYIC5H2dwc,0.0,0.0,0.0,1.0,72
429,CNN,Sun Jan 28 19:00:17 +0000 2018,Seven survivors of missing ferry rescued after days adrift in Pacific https://t.co/0108TgVT8E https://t.co/EAxvjNS8iC,0.1531,0.175,0.138,0.688,71
430,CNN,Sun Jan 28 18:45:12 +0000 2018,Afghanistan mourns after ambulance bomb kills more than 100 https://t.co/93ozKrxl10 https://t.co/XmNjikCGjs,-0.8779,0.0,0.558,0.442,70
431,CNN,Sun Jan 28 18:30:15 +0000 2018,Marco Rubio fires his chief of staff over misconduct allegations https://t.co/4FUSn9hDVc https://t.co/8JV1fxg8aS,0.0,0.0,0.0,1.0,69
432,CNN,Sun Jan 28 18:15:05 +0000 2018,Russian opposition leader Alexei Navalny arrested during protests https://t.co/RZDsbI637n https://t.co/a1QwjIuBNf,-0.6124,0.0,0.385,0.615,68
433,CNN,Sun Jan 28 18:00:02 +0000 2018,This former guerrilla leader wants to be Colombia's next president https://t.co/3RUGutw4pk https://t.co/3xp7U5ls38,0.0,0.0,0.0,1.0,67
434,CNN,Sun Jan 28 17:45:13 +0000 2018,Here comes the Big Tech profit party https://t.co/PS4vDf6Kd8 https://t.co/KGFrNejUWS,0.6808,0.444,0.0,0.556,66
435,CNN,Sun Jan 28 17:30:27 +0000 2018,"Republican Sen. Susan Collins says it ""wouldn't hurt"" for Congress to protect special counsel Robert Mueller follow… https://t.co/evVZAo6khT",0.795,0.35,0.0,0.65,65
436,CNN,Sun Jan 28 17:15:07 +0000 2018,"""SNL"" brings back Will Ferrell's George W. Bush https://t.co/BNZ9HNpoVl https://t.co/9vc5MyZ2RR",0.0,0.0,0.0,1.0,64
437,CNN,Sun Jan 28 17:00:07 +0000 2018,How the US is losing Asia to China https://t.co/4AcmhOwxzM https://t.co/BfhBlwstjm,-0.3818,0.0,0.224,0.776,63
438,CNN,Sun Jan 28 16:47:20 +0000 2018,"Lawmakers want answers after State Department employees claim ""political retribution"" https://t.co/yxzhaYQZrz https://t.co/6QFD6ONTId",0.0772,0.106,0.0,0.894,62
439,CNN,Sun Jan 28 16:30:06 +0000 2018,President Trump says he has brought down black unemployment. Hip-hop legend Jay-Z told CNN that's no excuse for his… https://t.co/n2ZpCcLMBm,-0.5859,0.056,0.218,0.726,61
440,CNN,Sun Jan 28 16:19:20 +0000 2018,Saudi is freeing its billionaire detainees. Now it has to woo investors. https://t.co/NoZE3IRTUS https://t.co/apBJp3NNUp,0.7351,0.341,0.0,0.659,60
441,CNN,Sun Jan 28 16:02:26 +0000 2018,"This May 2016 protest in Houston, Texas, was organized by Russian trolls. The troll group promoted and organized tw… https://t.co/p8qIc1WZGH",0.2023,0.123,0.088,0.789,59
442,CNN,Sun Jan 28 15:30:15 +0000 2018,Air Force One is primed to receive an upgrade that will include new refrigerators expected to cost American taxpaye… https://t.co/GdG59aKgj5,0.0,0.0,0.0,1.0,58
443,CNN,Sun Jan 28 15:00:17 +0000 2018,"Posing as American activists, Russian government-linked trolls created 129 Facebook events between 2015 and 2017. E… https://t.co/WpmbHklbXj",0.25,0.111,0.0,0.889,57
444,CNN,Sun Jan 28 14:36:39 +0000 2018,Sen. Joe Manchin on House Minority Leader Nancy Pelosi calling the White House immigration proposal a “campaign to… https://t.co/J89rCweLSB,0.0,0.0,0.0,1.0,56
445,CNN,Sun Jan 28 14:30:28 +0000 2018,"The recent ""Nutella riots"" in France are not the first time that demand for the chocolatey spread has caused violen… https://t.co/w0avMOQKyx",-0.5859,0.0,0.202,0.798,55
446,CNN,Sun Jan 28 14:24:25 +0000 2018,Sen. Joe Manchin on whether there is a case of obstruction of justice against the President: “I have not gone down… https://t.co/OggaBwyfEG,0.5267,0.145,0.0,0.855,54
447,CNN,Sun Jan 28 14:17:14 +0000 2018,"Sen. Collins on Stormy Daniels reports: ""This sounds like an issue that's between the President and Mrs Trump""… https://t.co/PAGGoBwe5q",0.3612,0.122,0.0,0.878,53
448,CNN,Sun Jan 28 14:11:16 +0000 2018,"Sen. Collins on reports of President Trump wanting to fire Deputy Attorney General Rod Rosenstein: “If that’s true,… https://t.co/c6PBY5Zqj1",-0.34,0.0,0.118,0.882,52
449,CNN,Sun Jan 28 14:07:40 +0000 2018,Sen. Susan Collins on reports of President Trump ordering the firing of special counsel Robert Mueller in June: “I… https://t.co/IEoc6lYFgr,0.0772,0.117,0.104,0.779,51
450,CNN,Sun Jan 28 14:00:19 +0000 2018,"A ""super blue blood moon"" is coming and if you can drag yourself out of bed during the pre-dawn hours next Wednesda… https://t.co/vf8ToGAez7",0.4588,0.151,0.074,0.775,50
451,CNN,Sun Jan 28 13:53:53 +0000 2018,"91-year-old Ingvar Kamprad, the founder of Ikea, has passed away at his home in Sweden, the company says… https://t.co/s2vWakAsTm",0.0,0.0,0.0,1.0,49
452,CNN,Sun Jan 28 13:30:20 +0000 2018,"When internet trolls told this record-breaking teen explorer to 'make a sandwich,' she did just that: ""I made you a… https://t.co/kWVe8sHpjk",0.0,0.0,0.0,1.0,48
453,CNN,Sun Jan 28 13:01:02 +0000 2018,"Inside Amazon Go, the company's new cashier-free store that uses cameras and sensors to detect what food you've tak… https://t.co/YY4pl90Vc7",0.1779,0.082,0.0,0.918,47
454,CNN,Sun Jan 28 12:31:49 +0000 2018,"This flu season is fierce, already claiming the lives of at least 30 children in the US. Here is how the virus turn… https://t.co/91nNjR1PDl",-0.3818,0.0,0.102,0.898,46
455,CNN,Sun Jan 28 12:06:46 +0000 2018,Roger Federer beats Marin Cilic in five sets at the Australian Open to become the first man to win 20 grand slam ti… https://t.co/uxBhirNNro,0.6369,0.224,0.086,0.691,45
456,CNN,Sun Jan 28 12:01:03 +0000 2018,The weight loss benefits of soup have led to soup cleansing -- a trend that has become increasingly popular over th… https://t.co/kXOaK3xOqA,0.4767,0.21,0.089,0.7,44
457,CNN,Sun Jan 28 11:30:15 +0000 2018,"Sorry, Mr. President, the 'fake news' excuse isn't good enough anymore | Analysis by @CillizzaCNN… https://t.co/cQ8EKy2H9G",-0.6711,0.068,0.356,0.576,43
458,CNN,Sun Jan 28 11:01:02 +0000 2018,Running the 'Doomsday Clock' is a full-time job. Really. https://t.co/ODOzpSuvLE https://t.co/ukFemVr69D,-0.5859,0.0,0.297,0.703,42
459,CNN,Sun Jan 28 10:30:08 +0000 2018,Reba McEntire is KFC's first female Colonel Sanders https://t.co/ZV8HCPV9wx https://t.co/3P5VpgIQTu,0.0,0.0,0.0,1.0,41
460,CNN,Sun Jan 28 10:03:39 +0000 2018,"It's being called ""Day Zero"" -- the day when the taps run dry. Officials in Cape Town, South Africa, say their city… https://t.co/Wv81akEpZ6",0.0,0.0,0.0,1.0,40
461,CNN,Sun Jan 28 09:30:08 +0000 2018,Shares of Wynn Resorts plunged more than 10% after a Wall Street Journal story detailing numerous allegations again… https://t.co/6o3Rz8TNim,0.296,0.115,0.0,0.885,39
462,CNN,Sun Jan 28 09:01:02 +0000 2018,"A jawbone discovered in Israel suggests modern humans migrated from Africa at least 50,000 years earlier than previ… https://t.co/QzU4SXzWy7",0.0,0.0,0.0,1.0,38
463,CNN,Sun Jan 28 08:30:12 +0000 2018,"Pope Francis condemns ""fake news,"" saying that it's a ""sign of intolerant and hypersensitive attitudes, and leads o… https://t.co/XJPALQbIGv",-0.7506,0.0,0.286,0.714,37
464,CNN,Sun Jan 28 08:01:08 +0000 2018,"President Trump's first year of GDP growth is very, very average, historically speaking https://t.co/qzk8pZW36D https://t.co/Zn4t8AloPn",0.3818,0.157,0.0,0.843,36
465,CNN,Sun Jan 28 07:30:14 +0000 2018,"Posing as American activists, Russian government-linked trolls created 129 Facebook events between 2015 and 2017. E… https://t.co/BlvUOcid7b",0.25,0.111,0.0,0.889,35
466,CNN,Sun Jan 28 07:01:05 +0000 2018,A 7-foot-tall portrait of Russian President Vladimir Putin made from bullet shells is on display as part of an exhi… https://t.co/wgVYdQa8Co,0.0,0.0,0.0,1.0,34
467,CNN,Sun Jan 28 06:31:05 +0000 2018,More people with disabilities are getting jobs. Here's why: https://t.co/ub8NpGZxuc https://t.co/CcnmpSTgLs,0.0,0.0,0.0,1.0,33
468,CNN,Sun Jan 28 06:01:08 +0000 2018,"Trump's White House reportedly emailed the Guggenheim Museum in September, asking to borrow a Van Gogh painting.

T… https://t.co/QMCP84rWwB",0.0,0.0,0.0,1.0,32
469,CNN,Sun Jan 28 05:31:05 +0000 2018,"Amazon's new workplace perk, the Spheres, will officially open on Monday https://t.co/eaCpR2FiXU https://t.co/apOihktOtl",0.0,0.0,0.0,1.0,31
470,CNN,Sun Jan 28 05:01:07 +0000 2018,"Christa McAuliffe never got to realize her dream of teaching from space.

But now, more than three decades after th… https://t.co/WgoYr7avsu",0.25,0.091,0.0,0.909,30
471,CNN,Sun Jan 28 04:30:23 +0000 2018,"Christa McAuliffe never got to realize her dream of teaching from space.

But now, more than three decades after th… https://t.co/DCi12Z4wwr",0.25,0.091,0.0,0.909,29
472,CNN,Sun Jan 28 04:00:11 +0000 2018,"Trump's White House reportedly emailed the Guggenheim Museum in September, asking to borrow a Van Gogh painting.

T… https://t.co/awBmEqETxv",0.0,0.0,0.0,1.0,28
473,CNN,Sun Jan 28 03:30:14 +0000 2018,Canadian Prime Minister Justin Trudeau this week scored two big trade wins over President Trump… https://t.co/cHpMBIvqr4,0.5719,0.198,0.0,0.802,27
474,CNN,Sun Jan 28 03:00:22 +0000 2018,Writer Chimamanda Adichie was asked if there were any bookshops in Nigeria during an interview in France — and her… https://t.co/LZbNYJm3SP,0.0,0.0,0.0,1.0,26
475,CNN,Sun Jan 28 02:45:26 +0000 2018,"The recent ""Nutella riots"" in France are not the first time that demand for the chocolatey spread has caused violen… https://t.co/npmzCJ8pwJ",-0.5859,0.0,0.202,0.798,25
476,CNN,Sun Jan 28 02:30:05 +0000 2018,"Billy Graham's granddaughter: ""In order to forgive somebody, that individual needs to repent and apologize. And I d… https://t.co/2F1aTVfPnf",0.3612,0.179,0.0,0.821,24
477,CNN,Sun Jan 28 02:15:05 +0000 2018,"Scientists in Germany have built a prototype nuclear fusion reactor that could produce limitless, clean and accessi… https://t.co/EeaDK9tBrT",0.4019,0.144,0.0,0.856,23
478,CNN,Sun Jan 28 02:00:36 +0000 2018,"Eminem says he won't stop criticizing President Trump: ""If I did lose half my fan base, then so be it""… https://t.co/HVDolCbt3l",0.3814,0.252,0.108,0.64,22
479,CNN,Sun Jan 28 01:46:43 +0000 2018,It was actually raining money on an Illinois interstate after a truck carrying cash from a video gambling machine l… https://t.co/5lkLqzcwQ6,0.0,0.0,0.0,1.0,21
480,CNN,Sun Jan 28 01:30:35 +0000 2018,"After Charlottesville violence, the city ""has kinda become a slogan, but it's still a real place with real people,""… https://t.co/owfOL1lS83",-0.3716,0.0,0.13,0.87,20
481,CNN,Sun Jan 28 01:30:29 +0000 2018,Air Force One is primed to receive an upgrade that will include new refrigerators expected to cost American taxpaye… https://t.co/3clRGieMUd,0.0,0.0,0.0,1.0,19
482,CNN,Sun Jan 28 01:15:10 +0000 2018,"In a CNN poll of hypothetical 2020 races, voters were asked who they'd be more likely to support between Donald Tru… https://t.co/xbfelY0fFT",0.4522,0.129,0.0,0.871,18
483,CNN,Sun Jan 28 01:00:35 +0000 2018,"Jay-Z tells @vanjones68 about mending his marriage with Beyoncé: ""For us, we chose to fight for our love. For our f… https://t.co/CP9cThjSxj",0.3818,0.157,0.097,0.746,17
484,CNN,Sun Jan 28 01:00:26 +0000 2018,The 1% grabbed 82% of all wealth created in 2017 https://t.co/QiSxWhvp27 https://t.co/qbtXbvweHW,0.6369,0.342,0.0,0.658,16
485,CNN,Sun Jan 28 00:45:09 +0000 2018,"The US is about to fall from No. 2 to No. 3, ranking behind Spain among world's top tourist destinations. Why? Pres… https://t.co/2H1GOxsERS",-0.3818,0.071,0.175,0.754,15
486,CNN,Sun Jan 28 00:41:06 +0000 2018,"President Trump's second year is ""a tale of two presidencies,"" says @VanJones68 #VanJonesShow… https://t.co/sXj1AyJHga",0.0,0.0,0.0,1.0,14
487,CNN,Sun Jan 28 00:38:44 +0000 2018,"The justice system ""needs to be reworked,"" hip hop star Jay-Z tells @VanJones68 during discussion about probation a… https://t.co/m4Chvlcml0",0.5267,0.159,0.0,0.841,13
488,CNN,Sun Jan 28 00:30:14 +0000 2018,Gun Runner wins the world's richest horse race with ease https://t.co/bQYYGId0a7 https://t.co/y30MtGMBUS,0.802,0.48,0.12,0.4,12
489,CNN,Sun Jan 28 00:27:09 +0000 2018,"Jay-Z on Colin Kaepernick: ""Would you rather be playing football getting your head dinged in or would you rather be… https://t.co/fZ2piMmBjg",0.2023,0.083,0.0,0.917,11
490,CNN,Sun Jan 28 00:17:29 +0000 2018,"Rapper Jay-Z tells @VanJones68 that President Trump's ""shithole countries"" comment was ""disappointing and hurtful""… https://t.co/VIX8j4WVGP",-0.4939,0.0,0.186,0.814,10
491,CNN,Sun Jan 28 00:15:03 +0000 2018,Honduran president sworn into office for 2nd term as foes dispute vote results https://t.co/mbfzqPgA9m https://t.co/nmbSyM7Ymk,-0.6908,0.0,0.305,0.695,9
492,CNN,Sun Jan 28 00:13:46 +0000 2018,"Hip hop legend Jay-Z tells CNN's @VanJones68 that #MeToo ""needed to be uncovered for the world to correct itself""… https://t.co/OFr39hjrog",0.0,0.0,0.0,1.0,8
493,CNN,Sat Jan 27 23:58:03 +0000 2018,"Tonight, hip-hop star Jay-Z sits down with Van Jones to talk about Trump's ""shithole countries"" comment, the #MeToo… https://t.co/dPcRBRNqjp",0.0,0.0,0.0,1.0,7
494,CNN,Sat Jan 27 23:46:03 +0000 2018,"""For us, we chose to fight for our love."" Jay-Z talks candidly about his determination to save his marriage with si… https://t.co/zRISHINehg",0.5106,0.215,0.095,0.691,6
495,CNN,Sat Jan 27 23:30:18 +0000 2018,SpaceX sets Falcon Heavy launch date https://t.co/z6KjigXnFi https://t.co/cD57vDA8E1,0.0,0.0,0.0,1.0,5
496,CNN,Sat Jan 27 23:15:09 +0000 2018,What's inside the FBI file on Roger Ailes https://t.co/VzpdWUpJ9r https://t.co/ZzjlQeeu9p,0.0,0.0,0.0,1.0,4
497,CNN,Sat Jan 27 23:00:12 +0000 2018,Why America is still not ready for Murphy Brown https://t.co/N9j1ksDB9w https://t.co/zXpfHT0b8Q,-0.2755,0.0,0.174,0.826,3
498,CNN,Sat Jan 27 22:47:07 +0000 2018,"""Everyone feels anger, but after the anger it's really hurtful. ... he's looking down on a whole population of peop… https://t.co/vTDS2yHMZo",-0.9252,0.0,0.423,0.577,2
499,CNN,Sat Jan 27 22:30:16 +0000 2018,"A ""super blue blood moon"" is coming and if you can drag yourself out of bed during the pre-dawn hours next Wednesda… https://t.co/GRNYC3fV1G",0.4588,0.151,0.074,0.775,1
